date,FPOA,Sun,Moon,Mercury,Venus,Mars,Jupiter,Saturn,Uranus,Neptune,Pluto,Rahu,Ketu,Rahu_true,Ketu_true
2026-09-16,0.0000,173.1606,231.5150,188.7360,213.4005,112.7350,136.7621,12.7133,65.6853,3.2761,303.2749,328.5072,148.5072,329.6988,149.6988
2026-09-17,0.0000,174.1358,243.6867,190.3215,213.9296,113.3446,136.9588,12.6415,65.6805,3.2489,303.2619,328.4543,148.4543,329.6489,149.6489
2026-09-18,0.0000,175.1114,255.6812,191.8896,214.4349,113.9524,137.1546,12.5689,65.6748,3.2215,303.2493,328.4013,148.4013,329.6161,149.6161
2026-09-19,0.0000,176.0875,267.5714,193.4402,214.9156,114.5584,137.3492,12.4957,65.6683,3.1941,303.2371,328.3484,148.3484,329.6039,149.6039
2026-09-20,0.0000,177.0641,279.4365,194.9736,215.3705,115.1626,137.5427,12.4218,65.6610,3.1666,303.2253,328.2954,148.2954,329.6114,149.6114
2026-09-21,0.0000,178.0411,291.3578,196.4897,215.7988,115.7651,137.7351,12.3474,65.6528,3.1391,303.2139,328.2425,148.2425,329.6333,149.6333
2026-09-22,0.0000,179.0185,303.4140,197.9887,216.1993,116.3657,137.9263,12.2724,65.6438,3.1115,303.2029,328.1895,148.1895,329.6605,149.6605
2026-09-23,0.0000,179.9964,315.6764,199.4704,216.5711,116.9646,138.1164,12.1968,65.6339,3.0838,303.1923,328.1365,148.1365,329.6820,149.6820
2026-09-24,0.0000,180.9748,328.2044,200.9348,216.9131,117.5615,138.3052,12.1208,65.6232,3.0561,303.1821,328.0836,148.0836,329.6871,149.6871
2026-09-25,0.0000,181.9537,341.0400,202.3817,217.2244,118.1567,138.4928,12.0443,65.6117,3.0283,303.1723,328.0306,148.0306,329.6673,149.6673
2026-09-26,0.0000,182.9331,354.2030,203.8110,217.5038,118.7500,138.6791,11.9674,65.5994,3.0006,303.1629,327.9777,147.9777,329.6183,149.6183
2026-09-27,0.0000,183.9131,7.6877,205.2223,217.7503,119.3414,138.8641,11.8902,65.5863,2.9728,303.1539,327.9247,147.9247,329.5413,149.5413
2026-09-28,0.0000,184.8936,21.4621,206.6153,217.9631,119.9310,139.0479,11.8126,65.5723,2.9450,303.1454,327.8718,147.8718,329.4427,149.4427
2026-09-29,0.0000,185.8747,35.4712,207.9895,218.1412,120.5186,139.2304,11.7347,65.5576,2.9173,303.1373,327.8188,147.8188,329.3333,149.3333
2026-09-30,0.0000,186.8564,49.6446,209.3444,218.2837,121.1044,139.4115,11.6567,65.5421,2.8896,303.1296,327.7659,147.7659,329.2260,149.2260
2026-10-01,0.0000,187.8387,63.9066,210.6794,218.3897,121.6883,139.5913,11.5784,65.5259,2.8620,303.1224,327.7129,147.7129,329.1335,149.1335
2026-10-02,0.0000,188.8217,78.1866,211.9935,218.4585,122.2702,139.7697,11.5000,65.5088,2.8345,303.1156,327.6600,147.6600,329.0658,149.0658
2026-10-03,0.0000,189.8054,92.4273,213.2859,218.4894,122.8501,139.9467,11.4215,65.4910,2.8070,303.1093,327.6070,147.6070,329.0278,149.0278
2026-10-04,0.0000,190.7897,106.5872,214.5554,218.4817,123.4279,140.1222,11.3429,65.4724,2.7796,303.1035,327.5541,147.5541,329.0182,149.0182
2026-10-05,0.0000,191.7746,120.6395,215.8008,218.4350,124.0036,140.2963,11.2643,65.4531,2.7522,303.0981,327.5011,147.5011,329.0297,149.0297
2026-10-06,0.0000,192.7601,134.5673,217.0207,218.3487,124.5772,140.4688,11.1856,65.4330,2.7249,303.0931,327.4481,147.4481,329.0500,149.0500
2026-10-07,0.0000,193.7463,148.3570,218.2132,218.2228,125.1486,140.6397,11.1070,65.4121,2.6977,303.0885,327.3952,147.3952,329.0643,149.0643
2026-10-08,0.0000,194.7331,161.9933,219.3766,218.0570,125.7178,140.8091,11.0285,65.3904,2.6707,303.0844,327.3422,147.3422,329.0581,149.0581
2026-10-09,0.0000,195.7205,175.4569,220.5086,217.8515,126.2848,140.9768,10.9501,65.3680,2.6437,303.0808,327.2893,147.2893,329.0200,149.0200
2026-10-10,0.0000,196.7085,188.7250,221.6067,217.6065,126.8494,141.1429,10.8719,65.3449,2.6169,303.0776,327.2363,147.2363,328.9443,148.9443
2026-10-11,0.0000,197.6971,201.7746,222.6680,217.3225,127.4117,141.3073,10.7939,65.3210,2.5902,303.0749,327.1834,147.1834,328.8322,148.8322
2026-10-12,0.0000,198.6862,214.5881,223.6894,217.0004,127.9717,141.4700,10.7163,65.2965,2.5637,303.0727,327.1304,147.1304,328.6918,148.6918
2026-10-13,0.0000,199.6759,227.1589,224.6672,216.6412,128.5292,141.6310,10.6389,65.2713,2.5374,303.0709,327.0775,147.0775,328.5366,148.5366
2026-10-14,0.0000,200.6661,239.4958,225.5974,216.2461,129.0844,141.7903,10.5620,65.2454,2.5112,303.0697,327.0245,147.0245,328.3831,148.3831
2026-10-15,0.0000,201.6569,251.6250,226.4753,215.8169,129.6370,141.9477,10.4854,65.2188,2.4853,303.0689,326.9716,146.9716,328.2474,148.2474
2026-10-16,0.0000,202.6482,263.5907,227.2958,215.3555,130.1872,142.1034,10.4093,65.1916,2.4596,303.0686,326.9186,146.9186,328.1422,148.1422
2026-10-17,0.0000,203.6399,275.4530,228.0532,214.8643,130.7348,142.2572,10.3337,65.1638,2.4341,303.0688,326.8657,146.8657,328.0741,148.0741
2026-10-18,0.0000,204.6322,287.2854,228.7411,214.3458,131.2799,142.4091,10.2587,65.1353,2.4089,303.0695,326.8127,146.8127,328.0421,148.0421
2026-10-19,0.0000,205.6249,299.1710,229.3525,213.8030,131.8224,142.5591,10.1842,65.1061,2.3838,303.0706,326.7598,146.7598,328.0378,148.0378
2026-10-20,0.0000,206.6182,311.1979,229.8797,213.2391,132.3622,142.7072,10.1104,65.0764,2.3590,303.0722,326.7068,146.7068,328.0467,148.0467
2026-10-21,0.0000,207.6118,323.4537,230.3144,212.6576,132.8993,142.8533,10.0372,65.0460,2.3345,303.0742,326.6538,146.6538,328.0511,148.0511
2026-10-22,0.0000,208.6060,336.0194,230.6477,212.0623,133.4338,142.9974,9.9647,65.0150,2.3102,303.0768,326.6009,146.6009,328.0335,148.0335
2026-10-23,0.0000,209.6007,348.9601,230.8705,211.4571,133.9655,143.1395,9.8929,64.9835,2.2861,303.0798,326.5479,146.5479,327.9801,147.9801
2026-10-24,0.0000,210.5958,2.3160,230.9730,210.8461,134.4944,143.2795,9.8219,64.9513,2.2624,303.0833,326.4950,146.4950,327.8837,147.8837
2026-10-25,0.0000,211.5914,16.0922,230.9461,210.2334,135.0205,143.4174,9.7517,64.9187,2.2389,303.0872,326.4420,146.4420,327.7449,147.7449
2026-10-26,0.0000,212.5876,30.2517,230.7808,209.6234,135.5438,143.5533,9.6824,64.8855,2.2158,303.0916,326.3891,146.3891,327.5725,147.5725
2026-10-27,0.0000,213.5843,44.7149,230.4697,209.0203,136.0643,143.6871,9.6139,64.8518,2.1929,303.0965,326.3361,146.3361,327.3818,147.3818
2026-10-28,0.0000,214.5817,59.3679,230.0071,208.4282,136.5818,143.8187,9.5464,64.8176,2.1705,303.1020,326.2832,146.2832,327.1916,147.1916
2026-10-29,0.0000,215.5796,74.0808,229.3907,207.8512,137.0964,143.9482,9.4799,64.7829,2.1483,303.1079,326.2302,146.2302,327.0205,147.0205
2026-10-30,0.0000,216.5781,88.7293,228.6219,207.2930,137.6079,144.0755,9.4144,64.7477,2.1265,303.1143,326.1773,146.1773,326.8835,146.8835
2026-10-31,0.0000,217.5772,103.2140,227.7077,206.7572,138.1164,144.2005,9.3499,64.7121,2.1051,303.1212,326.1243,146.1243,326.7888,146.7888
2026-11-01,0.0000,218.5769,117.4706,226.6614,206.2471,138.6217,144.3232,9.2864,64.6760,2.0840,303.1285,326.0714,146.0714,326.7361,146.7361
2026-11-02,0.0000,219.5772,131.4705,225.5031,205.7656,139.1237,144.4436,9.2240,64.6395,2.0632,303.1363,326.0184,146.0184,326.7167,146.7167
2026-11-03,0.0000,220.5781,145.2130,224.2601,205.3154,139.6224,144.5616,9.1627,64.6025,2.0428,303.1445,325.9654,145.9654,326.7150,146.7150
2026-11-04,0.0000,221.5795,158.7143,222.9661,204.8987,140.1177,144.6772,9.1026,64.5651,2.0228,303.1533,325.9125,145.9125,326.7118,146.7118
2026-11-05,0.0000,222.5816,171.9969,221.6598,204.5176,140.6096,144.7904,9.0437,64.5272,2.0031,303.1624,325.8595,145.8595,326.6875,146.6875
2026-11-06,0.0000,223.5842,185.0813,220.3823,204.1738,141.0979,144.9012,8.9859,64.4890,1.9838,303.1721,325.8066,145.8066,326.6267,146.6267
2026-11-07,0.0000,224.5874,197.9811,219.1748,203.8684,141.5826,145.0094,8.9295,64.4504,1.9650,303.1822,325.7536,145.7536,326.5205,146.5205
2026-11-08,0.0000,225.5911,210.7025,218.0752,203.6026,142.0636,145.1152,8.8744,64.4115,1.9466,303.1927,325.7007,145.7007,326.3690,146.3690
2026-11-09,0.0000,226.5953,223.2464,217.1162,203.3771,142.5408,145.2184,8.8206,64.3723,1.9286,303.2038,325.6477,145.6477,326.1807,146.1807
2026-11-10,0.0000,227.6001,235.6131,216.3232,203.1924,143.0143,145.3190,8.7681,64.3328,1.9110,303.2153,325.5948,145.5948,325.9714,145.9714
2026-11-11,0.0000,228.6053,247.8076,215.7135,203.0488,143.4838,145.4171,8.7171,64.2930,1.8939,303.2273,325.5418,145.5418,325.7610,145.7610
2026-11-12,0.0000,229.6110,259.8448,215.2966,202.9462,143.9494,145.5125,8.6675,64.2529,1.8773,303.2398,325.4889,145.4889,325.5696,145.5696
2026-11-13,0.0000,230.6171,271.7528,215.0748,202.8846,144.4109,145.6052,8.6193,64.2126,1.8611,303.2527,325.4359,145.4359,325.4134,145.4134
2026-11-14,0.0000,231.6236,283.5750,215.0440,202.8637,144.8682,145.6952,8.5726,64.1720,1.8454,303.2661,325.3830,145.3830,325.3019,145.3019
2026-11-15,0.0000,232.6305,295.3702,215.1960,202.8829,145.3214,145.7825,8.5274,64.1312,1.8301,303.2799,325.3300,145.3300,325.2359,145.2359
2026-11-16,0.0000,233.6378,307.2111,215.5188,202.9418,145.7702,145.8670,8.4836,64.0902,1.8153,303.2941,325.2770,145.2770,325.2071,145.2071
2026-11-17,0.0000,234.6455,319.1817,215.9988,203.0396,146.2148,145.9488,8.4414,64.0490,1.8010,303.3088,325.2241,145.2241,325.1999,145.1999
2026-11-18,0.0000,235.6535,331.3730,216.6212,203.1756,146.6548,146.0277,8.4008,64.0076,1.7871,303.3239,325.1711,145.1711,325.1948,145.1948
2026-11-19,0.0000,236.6619,343.8765,217.3710,203.3490,147.0904,146.1038,8.3617,63.9661,1.7738,303.3395,325.1182,145.1182,325.1716,145.1716
2026-11-20,0.0000,237.6706,356.7763,218.2337,203.5588,147.5213,146.1771,8.3242,63.9245,1.7609,303.3554,325.0652,145.0652,325.1137,145.1137
2026-11-21,0.0000,238.6797,10.1367,219.1957,203.8042,147.9476,146.2475,8.2883,63.8827,1.7485,303.3718,325.0123,145.0123,325.0115,145.0115
2026-11-22,0.0000,239.6891,23.9889,220.2441,204.0842,148.3692,146.3150,8.2541,63.8409,1.7367,303.3885,324.9593,144.9593,324.8639,144.8639
2026-11-23,0.0000,240.6989,38.3164,221.3676,204.3979,148.7859,146.3796,8.2215,63.7990,1.7253,303.4058,324.9064,144.9064,324.6788,144.6788
2026-11-24,0.0000,241.7091,53.0467,222.5558,204.7443,149.1977,146.4412,8.1906,63.7570,1.7145,303.4235,324.8534,144.8534,324.4714,144.4714
2026-11-25,0.0000,242.7197,68.0534,223.7996,205.1223,149.6046,146.5000,8.1614,63.7151,1.7043,303.4416,324.8005,144.8005,324.2613,144.2613
2026-11-26,0.0000,243.7307,83.1729,225.0909,205.5311,150.0063,146.5558,8.1339,63.6731,1.6946,303.4601,324.7475,144.7475,324.0685,144.0685
2026-11-27,0.0000,244.7421,98.2333,226.4227,205.9695,150.4029,146.6085,8.1081,63.6312,1.6854,303.4790,324.6946,144.6946,323.9099,143.9099
2026-11-28,0.0000,245.7539,113.0851,227.7889,206.4365,150.7940,146.6583,8.0840,63.5892,1.6767,303.4982,324.6416,144.6416,323.7955,143.7955
2026-11-29,0.0000,246.7661,127.6224,229.1842,206.9311,151.1797,146.7049,8.0616,63.5473,1.6686,303.5179,324.5886,144.5886,323.7268,143.7268
2026-11-30,0.0000,247.7787,141.7904,230.6043,207.4524,151.5597,146.7484,8.0409,63.5054,1.6610,303.5380,324.5357,144.5357,323.6968,143.6968
2026-12-01,0.0000,248.7917,155.5796,232.0450,207.9992,151.9339,146.7889,8.0219,63.4635,1.6539,303.5584,324.4827,144.4827,323.6911,143.6911
2026-12-02,0.0000,249.8052,169.0129,233.5033,208.5706,152.3023,146.8261,8.0047,63.4218,1.6473,303.5792,324.4298,144.4298,323.6907,143.6907
2026-12-03,0.0000,250.8191,182.1314,234.9763,209.1657,152.6646,146.8602,7.9893,63.3801,1.6413,303.6003,324.3768,144.3768,323.6763,143.6763
2026-12-04,0.0000,251.8333,194.9824,236.4617,209.7836,153.0207,146.8912,7.9756,63.3386,1.6359,303.6218,324.3239,144.3239,323.6314,143.6314
2026-12-05,0.0000,252.8480,207.6102,237.9574,210.4232,153.3705,146.9189,7.9638,63.2972,1.6310,303.6437,324.2709,144.2709,323.5460,143.5460
2026-12-06,0.0000,253.8630,220.0523,239.4619,211.0838,153.7138,146.9435,7.9537,63.2560,1.6267,303.6660,324.2180,144.2180,323.4183,143.4183
2026-12-07,0.0000,254.8783,232.3370,240.9736,211.7646,154.0505,146.9648,7.9455,63.2149,1.6230,303.6887,324.1650,144.1650,323.2549,143.2549
2026-12-08,0.0000,255.8940,244.4857,242.4915,212.4647,154.3805,146.9829,7.9392,63.1741,1.6199,303.7117,324.1121,144.1121,323.0694,143.0694
2026-12-09,0.0000,256.9100,256.5154,244.0146,213.1833,154.7035,146.9978,7.9346,63.1336,1.6173,303.7350,324.0591,144.0591,322.8798,142.8798
2026-12-10,0.0000,257.9262,268.4437,245.5421,213.9197,155.0195,147.0094,7.9319,63.0932,1.6154,303.7587,324.0062,144.0062,322.7051,142.7051
2026-12-11,0.0000,258.9427,280.2927,247.0734,214.6732,155.3283,147.0178,7.9310,63.0532,1.6140,303.7827,323.9532,143.9532,322.5611,142.5611
2026-12-12,0.0000,259.9594,292.0934,248.6081,215.4431,155.6298,147.0228,7.9320,63.0134,1.6132,303.8070,323.9002,143.9002,322.4577,142.4577
2026-12-13,0.0000,260.9763,303.8879,250.1457,216.2287,155.9237,147.0246,7.9348,62.9739,1.6129,303.8317,323.8473,143.8473,322.3974,142.3974
2026-12-14,0.0000,261.9934,315.7314,251.6859,217.0296,156.2100,147.0231,7.9394,62.9347,1.6132,303.8567,323.7943,143.7943,322.3741,142.3741
2026-12-15,0.0000,263.0106,327.6911,253.2287,217.8450,156.4884,147.0183,7.9458,62.8958,1.6141,303.8819,323.7414,143.7414,322.3755,142.3755
2026-12-16,0.0000,264.0279,339.8452,254.7739,218.6744,156.7589,147.0102,7.9541,62.8573,1.6156,303.9074,323.6884,143.6884,322.3846,142.3846
2026-12-17,0.0000,265.0453,352.2783,256.3214,219.5173,157.0213,146.9988,7.9641,62.8192,1.6176,303.9332,323.6355,143.6355,322.3840,142.3840
2026-12-18,0.0000,266.0629,5.0751,257.8712,220.3731,157.2754,146.9842,7.9761,62.7814,1.6203,303.9593,323.5825,143.5825,322.3586,142.3586
2026-12-19,0.0000,267.0806,18.3104,259.4235,221.2416,157.5212,146.9663,7.9898,62.7440,1.6235,303.9857,323.5296,143.5296,322.2989,142.2989
2026-12-20,0.0000,268.0983,32.0362,260.9782,222.1220,157.7583,146.9451,8.0054,62.7071,1.6273,304.0124,323.4766,143.4766,322.2026,142.2026
2026-12-21,0.0000,269.1162,46.2660,262.5357,223.0142,157.9868,146.9207,8.0228,62.6706,1.6317,304.0394,323.4237,143.4237,322.0747,142.0747
2026-12-22,0.0000,270.1341,60.9604,264.0959,223.9176,158.2063,146.8931,8.0420,62.6346,1.6367,304.0666,323.3707,143.3707,321.9267,141.9267
2026-12-23,0.0000,271.1522,76.0204,265.6592,224.8319,158.4169,146.8623,8.0630,62.5990,1.6423,304.0941,323.3178,143.3178,321.7741,141.7741
2026-12-24,0.0000,272.1704,91.2940,267.2256,225.7567,158.6182,146.8284,8.0859,62.5640,1.6485,304.1218,323.2648,143.2648,321.6331,141.6331
2026-12-25,0.0000,273.1887,106.5984,268.7956,226.6916,158.8100,146.7912,8.1105,62.5294,1.6552,304.1498,323.2119,143.2119,321.5175,141.5175
2026-12-26,0.0000,274.2071,121.7522,270.3692,227.6363,158.9922,146.7508,8.1369,62.4954,1.6625,304.1781,323.1589,143.1589,321.4365,141.4365
2026-12-27,0.0000,275.2257,136.6058,271.9467,228.5903,159.1646,146.7072,8.1651,62.4618,1.6704,304.2065,323.1059,143.1059,321.3923,141.3923
2026-12-28,0.0000,276.2443,151.0606,273.5283,229.5535,159.3269,146.6605,8.1950,62.4288,1.6788,304.2351,323.0530,143.0530,321.3806,141.3806
2026-12-29,0.0000,277.2631,165.0718,275.1144,230.5254,159.4788,146.6106,8.2266,62.3963,1.6878,304.2639,323.0000,143.0000,321.3912,141.3912
2026-12-30,0.0000,278.2821,178.6414,276.7052,231.5056,159.6203,146.5575,8.2600,62.3643,1.6973,304.2929,322.9471,142.9471,321.4104,141.4104
2026-12-31,0.0000,279.3011,191.8042,278.3010,232.4940,159.7511,146.5014,8.2952,62.3330,1.7075,304.3221,322.8941,142.8941,321.4236,141.4236
2027-01-01,0.0000,280.3203,204.6139,279.9020,233.4902,159.8710,146.4422,8.3321,62.3022,1.7181,304.3516,322.8412,142.8412,321.4184,141.4184
2027-01-02,0.0000,281.3397,217.1320,281.5084,234.4938,159.9797,146.3800,8.3707,62.2721,1.7294,304.3812,322.7882,142.7882,321.3866,141.3866
2027-01-03,0.0000,282.3591,229.4194,283.1204,235.5046,160.0772,146.3147,8.4111,62.2426,1.7413,304.4110,322.7353,142.7353,321.3260,141.3260
2027-01-04,0.0000,283.3786,241.5315,284.7383,236.5223,160.1632,146.2465,8.4532,62.2137,1.7537,304.4410,322.6823,142.6823,321.2402,141.2402
2027-01-05,0.0000,284.3982,253.5159,286.3622,237.5467,160.2374,146.1754,8.4970,62.1855,1.7666,304.4712,322.6294,142.6294,321.1382,141.1382
2027-01-06,0.0000,285.4178,265.4127,287.9922,238.5775,160.2998,146.1014,8.5425,62.1580,1.7802,304.5015,322.5764,142.5764,321.0318,141.0318
2027-01-07,0.0000,286.4374,277.2552,289.6284,239.6144,160.3501,146.0245,8.5897,62.1311,1.7943,304.5320,322.5235,142.5235,320.9336,140.9336
2027-01-08,0.0000,287.4570,289.0734,291.2709,240.6572,160.3882,145.9448,8.6386,62.1049,1.8089,304.5626,322.4705,142.4705,320.8545,140.8545
2027-01-09,0.0000,288.4765,300.8968,292.9196,241.7056,160.4140,145.8624,8.6891,62.0795,1.8241,304.5934,322.4175,142.4175,320.8014,140.8014
2027-01-10,0.0000,289.4960,312.7576,294.5745,242.7596,160.4271,145.7773,8.7413,62.0547,1.8398,304.6243,322.3646,142.3646,320.7764,140.7764
2027-01-11,0.0000,290.5153,324.6941,296.2355,243.8188,160.4277,145.6894,8.7951,62.0306,1.8561,304.6552,322.3116,142.3116,320.7761,140.7761
2027-01-12,0.0000,291.5345,336.7519,297.9022,244.8831,160.4154,145.5990,8.8504,62.0073,1.8729,304.6863,322.2587,142.2587,320.7933,140.7933
2027-01-13,0.0000,292.5536,348.9852,299.5743,245.9523,160.3902,145.5061,8.9074,61.9847,1.8901,304.7174,322.2057,142.2057,320.8177,140.8177
2027-01-14,0.0000,293.5725,1.4553,301.2514,247.0262,160.3521,145.4107,8.9660,61.9628,1.9080,304.7487,322.1528,142.1528,320.8388,140.8388
2027-01-15,0.0000,294.5913,14.2272,302.9328,248.1047,160.3009,145.3129,9.0261,61.9417,1.9263,304.7801,322.0998,142.0998,320.8476,140.8476
2027-01-16,0.0000,295.6099,27.3634,304.6176,249.1877,160.2365,145.2128,9.0878,61.9214,1.9451,304.8115,322.0469,142.0469,320.8385,140.8385
2027-01-17,0.0000,296.6282,40.9150,306.3048,250.2749,160.1590,145.1104,9.1511,61.9019,1.9645,304.8430,321.9939,141.9939,320.8098,140.8098
2027-01-18,0.0000,297.6464,54.9096,307.9931,251.3664,160.0683,145.0059,9.2158,61.8832,1.9844,304.8745,321.9410,141.9410,320.7642,140.7642
2027-01-19,0.0000,298.6643,69.3390,309.6808,252.4619,159.9643,144.8992,9.2821,61.8653,2.0048,304.9062,321.8880,141.8880,320.7078,140.7078
2027-01-20,0.0000,299.6821,84.1482,311.3662,253.5613,159.8471,144.7905,9.3499,61.8483,2.0258,304.9379,321.8351,141.8351,320.6484,140.6484
2027-01-21,0.0000,300.6996,99.2333,313.0466,254.6646,159.7166,144.6799,9.4191,61.8320,2.0472,304.9697,321.7821,141.7821,320.5945,140.5945
2027-01-22,0.0000,301.7169,114.4493,314.7194,255.7716,159.5729,144.5673,9.4898,61.8165,2.0691,305.0015,321.7291,141.7291,320.5526,140.5526
2027-01-23,0.0000,302.7340,129.6297,316.3812,256.8822,159.4158,144.4529,9.5619,61.8019,2.0914,305.0333,321.6762,141.6762,320.5270,140.5270
2027-01-24,0.0000,303.7509,144.6135,318.0280,257.9963,159.2455,144.3368,9.6354,61.7880,2.1142,305.0650,321.6232,141.6232,320.5185,140.5185
2027-01-25,0.0000,304.7676,159.2686,319.6551,259.1139,159.0620,144.2189,9.7103,61.7750,2.1375,305.0968,321.5703,141.5703,320.5246,140.5246
2027-01-26,0.0000,305.7841,173.5074,321.2572,260.2347,158.8654,144.0994,9.7865,61.7628,2.1612,305.1286,321.5173,141.5173,320.5405,140.5405
2027-01-27,0.0000,306.8005,187.2907,322.8280,261.3587,158.6558,143.9784,9.8641,61.7514,2.1853,305.1604,321.4644,141.4644,320.5603,140.5603
2027-01-28,0.0000,307.8167,200.6221,324.3603,262.4858,158.4333,143.8559,9.9431,61.7409,2.2099,305.1922,321.4114,141.4114,320.5779,140.5779
2027-01-29,0.0000,308.8328,213.5383,325.8459,263.6159,158.1982,143.7321,10.0234,61.7312,2.2350,305.2239,321.3585,141.3585,320.5888,140.5888
2027-01-30,0.0000,309.8486,226.0971,327.2758,264.7489,157.9506,143.6071,10.1051,61.7224,2.2605,305.2556,321.3055,141.3055,320.5903,140.5903
2027-01-31,0.0000,310.8644,238.3677,328.6395,265.8847,157.6908,143.4809,10.1880,61.7145,2.2865,305.2873,321.2526,141.2526,320.5825,140.5825
2027-02-01,0.0000,311.8799,250.4224,329.9261,267.0231,157.4190,143.3536,10.2723,61.7075,2.3129,305.3190,321.1996,141.1996,320.5673,140.5673
2027-02-02,0.0000,312.8952,262.3313,331.1235,268.1641,157.1356,143.2254,10.3578,61.7013,2.3397,305.3507,321.1467,141.1467,320.5481,140.5481
2027-02-03,0.0000,313.9103,274.1588,332.2190,269.3076,156.8410,143.0962,10.4446,61.6960,2.3669,305.3823,321.0937,141.0937,320.5289,140.5289
2027-02-04,0.0000,314.9251,285.9616,333.1994,270.4534,156.5356,142.9663,10.5326,61.6916,2.3946,305.4138,321.0407,141.0407,320.5131,140.5131
2027-02-05,0.0000,315.9396,297.7881,334.0514,271.6015,156.2197,142.8356,10.6219,61.6881,2.4226,305.4453,320.9878,140.9878,320.5027,140.5027
2027-02-06,0.0000,316.9539,309.6790,334.7620,272.7518,155.8939,142.7044,10.7123,61.6854,2.4511,305.4766,320.9348,140.9348,320.4984,140.4984
2027-02-07,0.0000,317.9678,321.6690,335.3192,273.9042,155.5586,142.5726,10.8039,61.6836,2.4799,305.5078,320.8819,140.8819,320.4990,140.4990
2027-02-08,0.0000,318.9813,333.7883,335.7123,275.0586,155.2145,142.4404,10.8966,61.6827,2.5090,305.5390,320.8289,140.8289,320.5025,140.5025
2027-02-09,0.0000,319.9945,346.0650,335.9328,276.2149,154.8621,142.3080,10.9904,61.6827,2.5386,305.5701,320.7760,140.7760,320.5064,140.5064
2027-02-10,0.0000,321.0073,358.5273,335.9748,277.3732,154.5021,142.1753,11.0854,61.6836,2.5685,305.6010,320.7230,140.7230,320.5088,140.5088
2027-02-11,0.0000,322.0197,11.2046,335.8362,278.5332,154.1351,142.0426,11.1815,61.6854,2.5987,305.6318,320.6701,140.6701,320.5085,140.5085
2027-02-12,0.0000,323.0316,24.1280,335.5189,279.6950,153.7617,141.9099,11.2786,61.6880,2.6293,305.6624,320.6171,140.6171,320.5057,140.5057
2027-02-13,0.0000,324.0432,37.3282,335.0295,280.8586,153.3827,141.7773,11.3768,61.6916,2.6603,305.6929,320.5642,140.5642,320.5018,140.5018
2027-02-14,0.0000,325.0543,50.8323,334.3796,282.0238,152.9988,141.6450,11.4761,61.6960,2.6916,305.7234,320.5112,140.5112,320.4988,140.4988
2027-02-15,0.0000,326.0649,64.6576,333.5856,283.1906,152.6107,141.5130,11.5763,61.7014,2.7232,305.7537,320.4583,140.4583,320.4987,140.4987
2027-02-16,0.0000,327.0750,78.8047,332.6689,284.3590,152.2192,141.3814,11.6776,61.7077,2.7552,305.7838,320.4053,140.4053,320.5028,140.5028
2027-02-17,0.0000,328.0847,93.2491,331.6546,285.5290,151.8250,141.2503,11.7799,61.7149,2.7875,305.8138,320.3523,140.3523,320.5111,140.5111
2027-02-18,0.0000,329.0939,107.9361,330.5708,286.7004,151.4287,141.1199,11.8831,61.7229,2.8200,305.8436,320.2994,140.2994,320.5221,140.5221
2027-02-19,0.0000,330.1026,122.7790,329.4473,287.8733,151.0313,140.9901,11.9872,61.7318,2.8529,305.8732,320.2464,140.2464,320.5329,140.5329
2027-02-20,0.0000,331.1108,137.6644,328.3139,289.0477,150.6332,140.8612,12.0922,61.7416,2.8860,305.9026,320.1935,140.1935,320.5401,140.5401
2027-02-21,0.0000,332.1185,152.4646,327.1991,290.2234,150.2354,140.7330,12.1981,61.7522,2.9194,305.9318,320.1405,140.1405,320.5401,140.5401
2027-02-22,0.0000,333.1258,167.0543,326.1291,291.4006,149.8385,140.6058,12.3048,61.7636,2.9530,305.9609,320.0876,140.0876,320.5307,140.5307
2027-02-23,0.0000,334.1326,181.3280,325.1264,292.5791,149.4432,140.4797,12.4123,61.7760,2.9869,305.9896,320.0346,140.0346,320.5112,140.5112
2027-02-24,0.0000,335.1391,195.2128,324.2096,293.7589,149.0503,140.3546,12.5208,61.7892,3.0211,306.0182,319.9817,139.9817,320.4833,140.4833
2027-02-25,0.0000,336.1451,208.6745,323.3932,294.9400,148.6605,140.2308,12.6300,61.8032,3.0555,306.0465,319.9287,139.9287,320.4508,140.4508
2027-02-26,0.0000,337.1508,221.7169,322.6873,296.1224,148.2745,140.1083,12.7401,61.8182,3.0901,306.0747,319.8758,139.8758,320.4187,140.4187
2027-02-27,0.0000,338.1560,234.3751,322.0983,297.3060,147.8930,139.9872,12.8509,61.8340,3.1250,306.1027,319.8228,139.8228,320.3927,140.3927
2027-02-28,0.0000,339.1609,246.7077,321.6294,298.4908,147.5167,139.8676,12.9626,61.8506,3.1602,306.1304,319.7699,139.7699,320.3774,140.3774
2027-03-01,0.0000,340.1654,258.7877,321.2812,299.6767,147.1463,139.7496,13.0749,61.8681,3.1955,306.1579,319.7169,139.7169,320.3754,140.3754
2027-03-02,0.0000,341.1694,270.6953,321.0518,300.8637,146.7825,139.6332,13.1881,61.8865,3.2311,306.1851,319.6640,139.6640,320.3865,140.3865
2027-03-03,0.0000,342.1730,282.5117,320.9381,302.0518,146.4257,139.5185,13.3019,61.9057,3.2668,306.2121,319.6110,139.6110,320.4072,140.4072
2027-03-04,0.0000,343.1762,294.3145,320.9354,303.2408,146.0768,139.4056,13.4164,61.9257,3.3028,306.2388,319.5580,139.5580,320.4315,140.4315
2027-03-05,0.0000,344.1790,306.1741,321.0387,304.4307,145.7362,139.2946,13.5316,61.9466,3.3389,306.2652,319.5051,139.5051,320.4517,140.4517
2027-03-06,0.0000,345.1812,318.1510,321.2424,305.6216,145.4045,139.1855,13.6474,61.9683,3.3752,306.2914,319.4521,139.4521,320.4601,140.4601
2027-03-07,0.0000,346.1830,330.2936,321.5405,306.8133,145.0823,139.0785,13.7638,61.9908,3.4116,306.3173,319.3992,139.3992,320.4503,140.4503
2027-03-08,0.0000,347.1843,342.6376,321.9273,308.0059,144.7700,138.9735,13.8808,62.0141,3.4482,306.3428,319.3462,139.3462,320.4192,140.4192
2027-03-09,0.0000,348.1850,355.2048,322.3971,309.1992,144.4681,138.8707,13.9984,62.0382,3.4849,306.3680,319.2933,139.2933,320.3674,140.3674
2027-03-10,0.0000,349.1853,8.0049,322.9444,310.3933,144.1770,138.7701,14.1166,62.0631,3.5218,306.3930,319.2403,139.2403,320.2998,140.2998
2027-03-11,0.0000,350.1849,21.0370,323.5641,311.5881,143.8972,138.6719,14.2353,62.0888,3.5588,306.4176,319.1874,139.1874,320.2244,140.2244
2027-03-12,0.0000,351.1840,34.2932,324.2514,312.7836,143.6289,138.5760,14.3546,62.1153,3.5959,306.4420,319.1344,139.1344,320.1511,140.1511
2027-03-13,0.0000,352.1826,47.7613,325.0017,313.9798,143.3726,138.4826,14.4744,62.1426,3.6331,306.4660,319.0815,139.0815,320.0896,140.0896
2027-03-14,0.0000,353.1805,61.4283,325.8109,315.1767,143.1285,138.3917,14.5947,62.1707,3.6705,306.4898,319.0285,139.0285,320.0476,140.0476
2027-03-15,0.0000,354.1778,75.2815,326.6752,316.3742,142.8967,138.3033,14.7154,62.1996,3.7080,306.5132,318.9756,138.9756,320.0288,140.0288
2027-03-16,0.0000,355.1745,89.3073,327.5911,317.5723,142.6776,138.2176,14.8366,62.2292,3.7456,306.5362,318.9226,138.9226,320.0321,140.0321
2027-03-17,0.0000,356.1706,103.4882,328.5553,318.7710,142.4712,138.1344,14.9582,62.2596,3.7832,306.5590,318.8696,138.8696,320.0514,140.0514
2027-03-18,0.0000,357.1660,117.7981,329.5651,319.9703,142.2777,138.0540,15.0803,62.2907,3.8209,306.5814,318.8167,138.8167,320.0768,140.0768
2027-03-19,0.0000,358.1608,132.1968,330.6177,321.1701,142.0972,137.9762,15.2026,62.3225,3.8586,306.6035,318.7637,138.7637,320.0960,140.0960
2027-03-20,0.0000,359.1550,146.6269,331.7110,322.3705,141.9296,137.9012,15.3254,62.3551,3.8964,306.6251,318.7108,138.7108,320.0974,140.0974
2027-03-21,0.0000,0.1485,161.0144,332.8427,323.5715,141.7751,137.8290,15.4484,62.3883,3.9342,306.6464,318.6578,138.6578,320.0717,140.0717
2027-03-22,0.0000,1.1414,175.2742,334.0109,324.7730,141.6336,137.7596,15.5718,62.4223,3.9720,306.6673,318.6049,138.6049,320.0145,140.0145
2027-03-23,0.0000,2.1338,189.3200,335.2140,325.9751,141.5051,137.6930,15.6955,62.4569,4.0099,306.6878,318.5519,138.5519,319.9271,139.9271
2027-03-24,0.0000,3.1256,203.0770,336.4505,327.1778,141.3897,137.6293,15.8194,62.4922,4.0477,306.7080,318.4990,138.4990,319.8164,139.8164
2027-03-25,0.0000,4.1169,216.4928,337.7190,328.3810,141.2873,137.5685,15.9437,62.5282,4.0856,306.7278,318.4460,138.4460,319.6941,139.6941
2027-03-26,0.0000,5.1077,229.5441,339.0183,329.5848,141.1978,137.5107,16.0682,62.5650,4.1234,306.7473,318.3931,138.3931,319.5743,139.5743
2027-03-27,0.0000,6.0980,242.2393,340.3474,330.7891,141.1212,137.4559,16.1930,62.6024,4.1613,306.7664,318.3401,138.3401,319.4705,139.4705
2027-03-28,0.0000,7.0878,254.6147,341.7053,331.9939,141.0574,137.4040,16.3180,62.6404,4.1993,306.7851,318.2872,138.2872,319.3935,139.3935
2027-03-29,0.0000,8.0771,266.7294,343.0912,333.1993,141.0064,137.3552,16.4433,62.6791,4.2371,306.8034,318.2342,138.2342,319.3484,139.3484
2027-03-30,0.0000,9.0659,278.6585,344.5044,334.4051,140.9680,137.3094,16.5687,62.7185,4.2750,306.8213,318.1812,138.1812,319.3339,139.3339
2027-03-31,0.0000,10.0542,290.4868,345.9443,335.6113,140.9421,137.2666,16.6943,62.7585,4.3128,306.8388,318.1283,138.1283,319.3421,139.3421
2027-04-01,0.0000,11.0420,302.3024,347.4103,336.8180,140.9287,137.2270,16.8201,62.7991,4.3506,306.8559,318.0753,138.0753,319.3601,139.3601
2027-04-02,0.0000,12.0293,314.1919,348.9021,338.0251,140.9276,137.1904,16.9459,62.8403,4.3883,306.8726,318.0224,138.0224,319.3721,139.3721
2027-04-03,0.0000,13.0160,326.2354,350.4194,339.2325,140.9387,137.1569,17.0719,62.8821,4.4259,306.8888,317.9694,137.9694,319.3628,139.3628
2027-04-04,0.0000,14.0023,338.5008,351.9618,340.4403,140.9619,137.1265,17.1980,62.9245,4.4634,306.9046,317.9165,137.9165,319.3202,139.3202
2027-04-05,0.0000,14.9880,351.0397,353.5291,341.6485,140.9970,137.0993,17.3241,62.9675,4.5009,306.9200,317.8635,137.8635,319.2383,139.2383
2027-04-06,0.0000,15.9732,3.8820,355.1213,342.8569,141.0438,137.0752,17.4503,63.0110,4.5382,306.9350,317.8106,137.8106,319.1184,139.1184
2027-04-07,0.0000,16.9578,17.0334,356.7382,344.0657,141.1023,137.0543,17.5765,63.0552,4.5755,306.9495,317.7576,137.7576,318.9689,138.9689
2027-04-08,0.0000,17.9419,30.4746,358.3799,345.2747,141.1723,137.0365,17.7027,63.0998,4.6126,306.9637,317.7047,137.7047,318.8040,138.8040
2027-04-09,0.0000,18.9255,44.1645,0.0464,346.4840,141.2536,137.0219,17.8289,63.1451,4.6497,306.9774,317.6517,137.6517,318.6409,138.6409
2027-04-10,0.0000,19.9084,58.0477,1.7378,347.6936,141.3461,137.0105,17.9551,63.1909,4.6866,306.9906,317.5988,137.5988,318.4965,138.4965
2027-04-11,0.0000,20.8907,72.0638,3.4541,348.9034,141.4495,137.0024,18.0813,63.2372,4.7234,307.0035,317.5458,137.5458,318.3840,138.3840
2027-04-12,0.0000,21.8725,86.1573,5.1955,350.1135,141.5637,136.9973,18.2075,63.2841,4.7601,307.0159,317.4928,137.4928,318.3104,138.3104
2027-04-13,0.0000,22.8536,100.2837,6.9621,351.3237,141.6885,136.9955,18.3336,63.3315,4.7966,307.0279,317.4399,137.4399,318.2746,138.2746
2027-04-14,0.0000,23.8340,114.4121,8.7541,352.5341,141.8236,136.9967,18.4595,63.3793,4.8330,307.0394,317.3869,137.3869,318.2680,138.2680
2027-04-15,0.0000,24.8138,128.5221,10.5717,353.7447,141.9688,137.0011,18.5853,63.4277,4.8692,307.0505,317.3340,137.3340,318.2755,138.2755
2027-04-16,0.0000,25.7929,142.5975,12.4149,354.9555,142.1239,137.0087,18.7110,63.4764,4.9052,307.0611,317.2810,137.2810,318.2790,138.2790
2027-04-17,0.0000,26.7714,156.6195,14.2839,356.1664,142.2887,137.0193,18.8365,63.5256,4.9410,307.0712,317.2281,137.2281,318.2603,138.2603
2027-04-18,0.0000,27.7493,170.5605,16.1788,357.3776,142.4630,137.0330,18.9618,63.5753,4.9766,307.0808,317.1751,137.1751,318.2053,138.2053
2027-04-19,0.0000,28.7266,184.3819,18.0995,358.5889,142.6466,137.0498,19.0869,63.6253,5.0120,307.0900,317.1222,137.1222,318.1062,138.1062
2027-04-20,0.0000,29.7033,198.0366,20.0458,359.8005,142.8394,137.0696,19.2118,63.6758,5.0472,307.0988,317.0692,137.0692,317.9639,137.9639
2027-04-21,0.0000,30.6794,211.4755,22.0176,1.0123,143.0410,137.0925,19.3365,63.7268,5.0822,307.1071,317.0163,137.0163,317.7873,137.7873
2027-04-22,0.0000,31.6551,224.6561,24.0144,2.2243,143.2513,137.1185,19.4610,63.7781,5.1170,307.1150,316.9633,136.9633,317.5920,137.5920
2027-04-23,0.0000,32.6302,237.5509,26.0356,3.4366,143.4702,137.1475,19.5852,63.8298,5.1516,307.1224,316.9104,136.9104,317.3971,137.3971
2027-04-24,0.0000,33.6049,250.1541,28.0801,4.6491,143.6975,137.1795,19.7092,63.8820,5.1859,307.1294,316.8574,136.8574,317.2219,137.2219
2027-04-25,0.0000,34.5791,262.4835,30.1469,5.8618,143.9330,137.2145,19.8329,63.9345,5.2201,307.1359,316.8044,136.8044,317.0816,137.0816
2027-04-26,0.0000,35.5528,274.5798,32.2344,7.0748,144.1765,137.2525,19.9563,63.9874,5.2540,307.1420,316.7515,136.7515,316.9846,136.9846
2027-04-27,0.0000,36.5261,286.5036,34.3406,8.2879,144.4279,137.2935,20.0794,64.0406,5.2876,307.1476,316.6985,136.6985,316.9308,136.9308
2027-04-28,0.0000,37.4989,298.3306,36.4633,9.5013,144.6871,137.3373,20.2021,64.0942,5.3210,307.1527,316.6456,136.6456,316.9114,136.9114
2027-04-29,0.0000,38.4712,310.1470,38.5997,10.7149,144.9538,137.3841,20.3245,64.1481,5.3541,307.1573,316.5926,136.5926,316.9106,136.9106
2027-04-30,0.0000,39.4432,322.0437,40.7465,11.9286,145.2279,137.4338,20.4464,64.2023,5.3869,307.1615,316.5397,136.5397,316.9089,136.9089
2027-05-01,0.0000,40.4147,334.1117,42.9001,13.1425,145.5094,137.4864,20.5680,64.2569,5.4194,307.1651,316.4867,136.4867,316.8866,136.8866
2027-05-02,0.0000,41.3857,346.4350,45.0564,14.3566,145.7980,137.5418,20.6892,64.3117,5.4516,307.1684,316.4338,136.4338,316.8278,136.8278
2027-05-03,0.0000,42.3564,359.0833,47.2112,15.5708,146.0936,137.6001,20.8099,64.3668,5.4835,307.1711,316.3808,136.3808,316.7236,136.7236
2027-05-04,0.0000,43.3266,12.1042,49.3596,16.7852,146.3962,137.6612,20.9302,64.4221,5.5151,307.1734,316.3279,136.3279,316.5738,136.5738
2027-05-05,0.0000,44.2964,25.5149,51.4967,17.9998,146.7055,137.7251,21.0500,64.4778,5.5464,307.1752,316.2749,136.2749,316.3872,136.3872
2027-05-06,0.0000,45.2657,39.2961,53.6177,19.2145,147.0214,137.7918,21.1694,64.5337,5.5774,307.1766,316.2220,136.2220,316.1795,136.1795
2027-05-07,0.0000,46.2346,53.3919,55.7174,20.4293,147.3440,137.8613,21.2882,64.5899,5.6081,307.1775,316.1690,136.1690,315.9707,135.9707
2027-05-08,0.0000,47.2031,67.7160,57.7912,21.6442,147.6729,137.9336,21.4066,64.6463,5.6385,307.1780,316.1161,136.1161,315.7809,135.7809
2027-05-09,0.0000,48.1710,82.1656,59.8344,22.8592,148.0080,138.0086,21.5244,64.7030,5.6685,307.1780,316.0631,136.0631,315.6266,135.6266
2027-05-10,0.0000,49.1385,96.6384,61.8427,24.0743,148.3493,138.0863,21.6417,64.7598,5.6982,307.1776,316.0101,136.0101,315.5174,135.5174
2027-05-11,0.0000,50.1055,111.0484,63.8123,25.2895,148.6966,138.1666,21.7584,64.8169,5.7276,307.1767,315.9572,135.9572,315.4539,135.4539
2027-05-12,0.0000,51.0719,125.3347,65.7397,26.5047,149.0497,138.2496,21.8744,64.8741,5.7566,307.1753,315.9042,135.9042,315.4282,135.4282
2027-05-13,0.0000,52.0378,139.4629,67.6219,27.7200,149.4084,138.3351,21.9898,64.9315,5.7852,307.1734,315.8513,135.8513,315.4248,135.4248
2027-05-14,0.0000,53.0031,153.4191,69.4561,28.9353,149.7728,138.4232,22.1046,64.9890,5.8134,307.1711,315.7983,135.7983,315.4241,135.4241
2027-05-15,0.0000,53.9679,167.2019,71.2404,30.1506,150.1425,138.5138,22.2187,65.0466,5.8412,307.1683,315.7454,135.7454,315.4059,135.4059
2027-05-16,0.0000,54.9323,180.8128,72.9727,31.3661,150.5175,138.6069,22.3322,65.1044,5.8686,307.1650,315.6924,135.6924,315.3539,135.3539
2027-05-17,0.0000,55.8961,194.2502,74.6517,32.5817,150.8978,138.7025,22.4449,65.1623,5.8956,307.1613,315.6395,135.6395,315.2582,135.2582
2027-05-18,0.0000,56.8595,207.5061,76.2759,33.7973,151.2831,138.8005,22.5570,65.2203,5.9223,307.1572,315.5865,135.5865,315.1178,135.1178
2027-05-19,0.0000,57.8225,220.5669,77.8442,35.0131,151.6733,138.9010,22.6684,65.2785,5.9485,307.1526,315.5336,135.5336,314.9403,134.9403
2027-05-20,0.0000,58.7851,233.4177,79.3558,36.2291,152.0684,139.0039,22.7791,65.3367,5.9744,307.1476,315.4806,135.4806,314.7408,134.7408
2027-05-21,0.0000,59.7473,246.0472,80.8098,37.4452,152.4683,139.1091,22.8890,65.3951,5.9999,307.1422,315.4277,135.4277,314.5387,134.5387
2027-05-22,0.0000,60.7091,258.4539,82.2054,38.6614,152.8729,139.2167,22.9983,65.4535,6.0250,307.1364,315.3747,135.3747,314.3537,134.3537
2027-05-23,0.0000,61.6706,270.6503,83.5418,39.8778,153.2820,139.3265,23.1067,65.5120,6.0496,307.1301,315.3217,135.3217,314.2023,134.2023
2027-05-24,0.0000,62.6318,282.6652,84.8182,41.0944,153.6956,139.4387,23.2143,65.5705,6.0739,307.1233,315.2688,135.2688,314.0948,134.0948
2027-05-25,0.0000,63.5927,294.5444,86.0338,42.3111,154.1136,139.5531,23.3212,65.6291,6.0977,307.1162,315.2158,135.2158,314.0326,134.0326
2027-05-26,0.0000,64.5532,306.3489,87.1878,43.5280,154.5359,139.6698,23.4271,65.6877,6.1210,307.1086,315.1629,135.1629,314.0088,134.0088
2027-05-27,0.0000,65.5135,318.1530,88.2791,44.7450,154.9625,139.7886,23.5323,65.7462,6.1440,307.1005,315.1099,135.1099,314.0093,134.0093
2027-05-28,0.0000,66.4735,330.0407,89.3068,45.9622,155.3933,139.9096,23.6366,65.8046,6.1664,307.0921,315.0570,135.0570,314.0157,134.0157
2027-05-29,0.0000,67.4332,342.1013,90.2698,47.1796,155.8281,140.0327,23.7400,65.8633,6.1884,307.0832,315.0040,135.0040,314.0089,134.0089
2027-05-30,0.0000,68.3927,354.4235,91.1669,48.3972,156.2670,140.1580,23.8425,65.9219,6.2099,307.0739,314.9511,134.9511,313.9729,133.9729
2027-05-31,0.0000,69.3519,7.0885,91.9970,49.6149,156.7099,140.2854,23.9441,65.9805,6.2310,307.0642,314.8981,134.8981,313.8977,133.8977
2027-06-01,0.0000,70.3109,20.1606,92.7587,50.8328,157.1568,140.4148,24.0447,66.0390,6.2516,307.0541,314.8452,134.8452,313.7815,133.7815
2027-06-02,0.0000,71.2697,33.6758,93.4508,52.0509,157.6075,140.5463,24.1445,66.0974,6.2718,307.0435,314.7922,134.7922,313.6306,133.6306
2027-06-03,0.0000,72.2283,47.6317,94.0719,53.2692,158.0620,140.6799,24.2433,66.1559,6.2915,307.0327,314.7393,134.7393,313.4584,133.4584
2027-06-04,0.0000,73.1866,61.9806,94.6207,54.4876,158.5204,140.8155,24.3411,66.2142,6.3108,307.0214,314.6863,134.6863,313.2823,133.2823
2027-06-05,0.0000,74.1447,76.6304,95.0961,55.7063,158.9824,140.9530,24.4379,66.2725,6.3295,307.0098,314.6333,134.6333,313.1205,133.1205
2027-06-06,0.0000,75.1025,91.4563,95.4969,56.9250,159.4481,141.0926,24.5338,66.3308,6.3478,306.9977,314.5804,134.5804,312.9884,132.9884
2027-06-07,0.0000,76.0601,106.3199,95.8221,58.1439,159.9174,141.2340,24.6286,66.3889,6.3656,306.9853,314.5274,134.5274,312.8959,132.8959
2027-06-08,0.0000,77.0173,121.0927,96.0711,59.3629,160.3901,141.3773,24.7223,66.4468,6.3829,306.9725,314.4745,134.4745,312.8449,132.8449
2027-06-09,0.0000,77.9743,135.6730,96.2435,60.5820,160.8662,141.5225,24.8149,66.5047,6.3997,306.9593,314.4215,134.4215,312.8301,132.8301
2027-06-10,0.0000,78.9309,149.9949,96.3393,61.8012,161.3457,141.6694,24.9064,66.5623,6.4160,306.9458,314.3686,134.3686,312.8393,132.8393
2027-06-11,0.0000,79.8871,164.0271,96.3590,63.0205,161.8284,141.8182,24.9968,66.6198,6.4317,306.9318,314.3156,134.3156,312.8565,132.8565
2027-06-12,0.0000,80.8431,177.7650,96.3037,64.2399,162.3143,141.9687,25.0861,66.6771,6.4469,306.9175,314.2627,134.2627,312.8647,132.8647
2027-06-13,0.0000,81.7988,191.2216,96.1753,65.4595,162.8034,142.1209,25.1743,66.7342,6.4616,306.9028,314.2097,134.2097,312.8495,132.8495
2027-06-14,0.0000,82.7542,204.4177,95.9763,66.6792,163.2956,142.2748,25.2613,66.7912,6.4758,306.8878,314.1568,134.1568,312.8019,132.8019
2027-06-15,0.0000,83.7094,217.3755,95.7100,67.8991,163.7908,142.4305,25.3471,66.8480,6.4895,306.8725,314.1038,134.1038,312.7195,132.7195
2027-06-16,0.0000,84.6643,230.1148,95.3808,69.1192,164.2889,142.5877,25.4318,66.9045,6.5027,306.8569,314.0509,134.0509,312.6073,132.6073
2027-06-17,0.0000,85.6190,242.6526,94.9936,70.3394,164.7900,142.7466,25.5153,66.9609,6.5154,306.8410,313.9979,133.9979,312.4761,132.4761
2027-06-18,0.0000,86.5736,255.0038,94.5547,71.5599,165.2940,142.9072,25.5977,67.0170,6.5276,306.8247,313.9449,133.9449,312.3404,132.3404
2027-06-19,0.0000,87.5280,267.1847,94.0710,72.7806,165.8007,143.0692,25.6788,67.0730,6.5393,306.8081,313.8920,133.8920,312.2157,132.2157
2027-06-20,0.0000,88.4822,279.2154,93.5503,74.0015,166.3103,143.2329,25.7587,67.1286,6.5504,306.7913,313.8390,133.8390,312.1152,132.1152
2027-06-21,0.0000,89.4363,291.1235,93.0012,75.2226,166.8226,143.3980,25.8373,67.1840,6.5610,306.7741,313.7861,133.7861,312.0472,132.0472
2027-06-22,0.0000,90.3903,302.9460,92.4328,76.4440,167.3376,143.5647,25.9147,67.2392,6.5711,306.7566,313.7331,133.7331,312.0140,132.0140
2027-06-23,0.0000,91.3442,314.7306,91.8548,77.6656,167.8553,143.7328,25.9908,67.2940,6.5806,306.7388,313.6802,133.6802,312.0114,132.0114
2027-06-24,0.0000,92.2980,326.5361,91.2770,78.8875,168.3756,143.9024,26.0656,67.3486,6.5896,306.7208,313.6272,133.6272,312.0299,132.0299
2027-06-25,0.0000,93.2518,338.4311,90.7093,80.1096,168.8985,144.0733,26.1391,67.4028,6.5980,306.7024,313.5743,133.5743,312.0566,132.0566
2027-06-26,0.0000,94.2055,350.4923,90.1616,81.3319,169.4239,144.2457,26.2112,67.4567,6.6059,306.6837,313.5213,133.5213,312.0780,132.0780
2027-06-27,0.0000,95.1592,2.8005,89.6433,82.5546,169.9520,144.4195,26.2820,67.5103,6.6132,306.6648,313.4684,133.4684,312.0825,132.0825
2027-06-28,0.0000,96.1130,15.4351,89.1633,83.7775,170.4826,144.5947,26.3515,67.5636,6.6200,306.6457,313.4154,133.4154,312.0625,132.0625
2027-06-29,0.0000,97.0667,28.4662,88.7299,85.0008,171.0157,144.7712,26.4196,67.6165,6.6263,306.6263,313.3625,133.3625,312.0159,132.0159
2027-06-30,0.0000,98.0205,41.9442,88.3507,86.2243,171.5513,144.9490,26.4863,67.6691,6.6321,306.6066,313.3095,133.3095,311.9464,131.9464
2027-07-01,0.0000,98.9743,55.8883,88.0324,87.4481,172.0894,145.1282,26.5516,67.7214,6.6373,306.5868,313.2565,133.2565,311.8620,131.8620
2027-07-02,0.0000,99.9281,70.2752,87.7807,88.6722,172.6299,145.3087,26.6156,67.7733,6.6420,306.5667,313.2036,133.2036,311.7737,131.7737
2027-07-03,0.0000,100.8820,85.0336,87.6006,89.8967,173.1729,145.4904,26.6781,67.8249,6.6461,306.5464,313.1506,133.1506,311.6931,131.6931
2027-07-04,0.0000,101.8359,100.0471,87.4961,91.1213,173.7183,145.6734,26.7392,67.8760,6.6497,306.5259,313.0977,133.0977,311.6298,131.6298
2027-07-05,0.0000,102.7897,115.1687,87.4705,92.3463,174.2661,145.8575,26.7988,67.9267,6.6528,306.5052,313.0447,133.0447,311.5901,131.5901
2027-07-06,0.0000,103.7435,130.2430,87.5263,93.5714,174.8162,146.0429,26.8569,67.9770,6.6552,306.4843,312.9918,132.9918,311.5758,131.5758
2027-07-07,0.0000,104.6973,145.1302,87.6652,94.7968,175.3685,146.2293,26.9134,68.0269,6.6572,306.4631,312.9388,132.9388,311.5837,131.5837
2027-07-08,0.0000,105.6510,159.7231,87.8886,96.0224,175.9231,146.4169,26.9685,68.0763,6.6585,306.4417,312.8859,132.8859,311.6070,131.6070
2027-07-09,0.0000,106.6046,173.9561,88.1972,97.2481,176.4799,146.6056,27.0221,68.1252,6.6593,306.4202,312.8329,132.8329,311.6368,131.6368
2027-07-10,0.0000,107.5582,187.8028,88.5914,98.4742,177.0388,146.7953,27.0741,68.1737,6.6595,306.3985,312.7800,132.7800,311.6635,131.6635
2027-07-11,0.0000,108.5117,201.2690,89.0712,99.7004,177.5999,146.9861,27.1246,68.2217,6.6592,306.3767,312.7270,132.7270,311.6794,131.6794
2027-07-12,0.0000,109.4652,214.3824,89.6365,100.9269,178.1631,147.1779,27.1735,68.2692,6.6584,306.3547,312.6741,132.6741,311.6796,131.6796
2027-07-13,0.0000,110.4187,227.1832,90.2867,102.1537,178.7284,147.3707,27.2209,68.3163,6.6571,306.3326,312.6211,132.6211,311.6628,131.6628
2027-07-14,0.0000,111.3722,239.7169,91.0211,103.3807,179.2957,147.5645,27.2668,68.3629,6.6552,306.3103,312.5682,132.5682,311.6315,131.6315
2027-07-15,0.0000,112.3258,252.0289,91.8391,104.6080,179.8651,147.7593,27.3110,68.4090,6.6528,306.2879,312.5152,132.5152,311.5912,131.5912
2027-07-16,0.0000,113.2794,264.1622,92.7397,105.8355,180.4365,147.9550,27.3538,68.4546,6.6498,306.2655,312.4622,132.4622,311.5487,131.5487
2027-07-17,0.0000,114.2330,276.1563,93.7220,107.0633,181.0098,148.1516,27.3949,68.4996,6.6463,306.2429,312.4093,132.4093,311.5110,131.5110
2027-07-18,0.0000,115.1867,288.0479,94.7848,108.2914,181.5851,148.3492,27.4344,68.5442,6.6423,306.2202,312.3563,132.3563,311.4836,131.4836
2027-07-19,0.0000,116.1405,299.8726,95.9272,109.5198,182.1623,148.5475,27.4723,68.5882,6.6378,306.1974,312.3034,132.3034,311.4698,131.4698
2027-07-20,0.0000,117.0945,311.6669,97.1477,110.7485,182.7414,148.7468,27.5085,68.6316,6.6327,306.1746,312.2504,132.2504,311.4700,131.4700
2027-07-21,0.0000,118.0485,323.4705,98.4449,111.9775,183.3224,148.9468,27.5432,68.6745,6.6271,306.1516,312.1975,132.1975,311.4817,131.4817
2027-07-22,0.0000,119.0027,335.3276,99.8173,113.2067,183.9053,149.1477,27.5762,68.7168,6.6209,306.1285,312.1445,132.1445,311.5009,131.5009
2027-07-23,0.0000,119.9571,347.2888,101.2630,114.4363,184.4901,149.3494,27.6075,68.7585,6.6142,306.1053,312.0916,132.0916,311.5225,131.5225
2027-07-24,0.0000,120.9117,359.4107,102.7799,115.6662,185.0767,149.5518,27.6371,68.7996,6.6070,306.0822,312.0386,132.0386,311.5418,131.5418
2027-07-25,0.0000,121.8666,11.7553,104.3655,116.8964,185.6652,149.7550,27.6651,68.8402,6.5993,306.0590,311.9857,131.9857,311.5556,131.5556
2027-07-26,0.0000,122.8216,24.3865,106.0169,118.1270,186.2556,149.9589,27.6914,68.8801,6.5911,306.0357,311.9327,131.9327,311.5622,131.5622
2027-07-27,0.0000,123.7770,37.3659,107.7309,119.3579,186.8479,150.1636,27.7161,68.9195,6.5823,306.0124,311.8798,131.8798,311.5622,131.5622
2027-07-28,0.0000,124.7326,50.7449,109.5037,120.5892,187.4420,150.3690,27.7391,68.9582,6.5731,305.9891,311.8268,131.8268,311.5574,131.5574
2027-07-29,0.0000,125.6885,64.5555,111.3311,121.8208,188.0379,150.5752,27.7603,68.9964,6.5634,305.9658,311.7738,131.7738,311.5507,131.5507
2027-07-30,0.0000,126.6447,78.7993,113.2083,123.0528,188.6358,150.7820,27.7799,69.0339,6.5532,305.9425,311.7209,131.7209,311.5450,131.5450
2027-07-31,0.0000,127.6012,93.4384,115.1304,124.2851,189.2354,150.9894,27.7978,69.0708,6.5425,305.9192,311.6679,131.6679,311.5423,131.5423
2027-08-01,0.0000,128.5580,108.3905,117.0917,125.5177,189.8369,151.1975,27.8139,69.1071,6.5313,305.8960,311.6150,131.6150,311.5434,131.5434
2027-08-02,0.0000,129.5150,123.5323,119.0867,126.7506,190.4402,151.4062,27.8283,69.1426,6.5196,305.8727,311.5620,131.5620,311.5478,131.5478
2027-08-03,0.0000,130.4723,138.7134,121.1094,127.9838,191.0452,151.6154,27.8409,69.1775,6.5074,305.8494,311.5091,131.5091,311.5539,131.5539
2027-08-04,0.0000,131.4298,153.7773,123.1541,129.2172,191.6520,151.8252,27.8518,69.2117,6.4947,305.8262,311.4561,131.4561,311.5596,131.5596
2027-08-05,0.0000,132.3874,168.5839,125.2149,130.4508,192.2606,152.0355,27.8609,69.2451,6.4815,305.8030,311.4032,131.4032,311.5629,131.5629
2027-08-06,0.0000,133.3453,183.0279,127.2864,131.6847,192.8708,152.2463,27.8682,69.2779,6.4678,305.7799,311.3502,131.3502,311.5629,131.5629
2027-08-07,0.0000,134.3034,197.0477,129.3633,132.9189,193.4828,152.4576,27.8739,69.3100,6.4536,305.7568,311.2973,131.2973,311.5599,131.5599
2027-08-08,0.0000,135.2617,210.6250,131.4411,134.1533,194.0964,152.6694,27.8777,69.3413,6.4391,305.7339,311.2443,131.2443,311.5552,131.5552
2027-08-09,0.0000,136.2202,223.7777,133.5152,135.3879,194.7117,152.8816,27.8799,69.3720,6.4240,305.7110,311.1914,131.1914,311.5514,131.5514
2027-08-10,0.0000,137.1790,236.5495,135.5819,136.6227,195.3286,153.0943,27.8804,69.4020,6.4086,305.6882,311.1384,131.1384,311.5512,131.5512
2027-08-11,0.0000,138.1379,248.9995,137.6379,137.8578,195.9472,153.3073,27.8791,69.4312,6.3927,305.6655,311.0854,131.0854,311.5565,131.5565
2027-08-12,0.0000,139.0972,261.1941,139.6804,139.0932,196.5674,153.5208,27.8761,69.4597,6.3763,305.6429,311.0325,131.0325,311.5683,131.5683
2027-08-13,0.0000,140.0567,273.1998,141.7069,140.3287,197.1891,153.7346,27.8713,69.4875,6.3596,305.6205,310.9795,130.9795,311.5855,131.5855
2027-08-14,0.0000,141.0164,285.0797,143.7154,141.5645,197.8125,153.9488,27.8648,69.5145,6.3424,305.5982,310.9266,130.9266,311.6053,131.6053
2027-08-15,0.0000,141.9764,296.8910,145.7045,142.8005,198.4374,154.1633,27.8566,69.5408,6.3248,305.5760,310.8736,130.8736,311.6237,131.6237
2027-08-16,0.0000,142.9368,308.6840,147.6728,144.0367,199.0638,154.3781,27.8467,69.5663,6.3068,305.5539,310.8207,130.8207,311.6358,131.6358
2027-08-17,0.0000,143.8974,320.5027,149.6195,145.2731,199.6918,154.5931,27.8350,69.5911,6.2884,305.5320,310.7677,130.7677,311.6377,131.6377
2027-08-18,0.0000,144.8584,332.3858,151.5439,146.5097,200.3213,154.8085,27.8216,69.6150,6.2695,305.5102,310.7148,130.7148,311.6269,131.6269
2027-08-19,0.0000,145.8198,344.3684,153.4456,147.7466,200.9524,155.0241,27.8065,69.6382,6.2503,305.4886,310.6618,130.6618,311.6031,131.6031
2027-08-20,0.0000,146.7815,356.4842,155.3241,148.9837,201.5850,155.2399,27.7897,69.6606,6.2307,305.4672,310.6089,130.6089,311.5690,131.5690
2027-08-21,0.0000,147.7437,8.7672,157.1795,150.2211,202.2191,155.4560,27.7712,69.6822,6.2107,305.4459,310.5559,130.5559,311.5296,131.5296
2027-08-22,0.0000,148.7062,21.2533,159.0117,151.4587,202.8548,155.6722,27.7510,69.7030,6.1903,305.4248,310.5030,130.5030,311.4912,131.4912
2027-08-23,0.0000,149.6693,33.9806,160.8207,152.6965,203.4920,155.8887,27.7291,69.7231,6.1696,305.4038,310.4500,130.4500,311.4605,131.4605
2027-08-24,0.0000,150.6328,46.9881,162.6067,153.9347,204.1308,156.1054,27.7056,69.7424,6.1485,305.3832,310.3970,130.3970,311.4430,131.4430
2027-08-25,0.0000,151.5968,60.3128,164.3699,155.1731,204.7711,156.3222,27.6804,69.7608,6.1271,305.3627,310.3441,130.3441,311.4415,131.4415
2027-08-26,0.0000,152.5614,73.9838,166.1106,156.4117,205.4130,156.5392,27.6535,69.7785,6.1054,305.3425,310.2911,130.2911,311.4552,131.4552
2027-08-27,0.0000,153.5264,88.0154,167.8288,157.6506,206.0564,156.7563,27.6251,69.7954,6.0833,305.3225,310.2382,130.2382,311.4801,131.4801
2027-08-28,0.0000,154.4919,102.3974,169.5250,158.8898,206.7014,156.9736,27.5949,69.8114,6.0609,305.3028,310.1852,130.1852,311.5088,131.5088
2027-08-29,0.0000,155.4580,117.0874,171.1992,160.1292,207.3479,157.1909,27.5631,69.8267,6.0382,305.2832,310.1323,130.1323,311.5324,131.5324
2027-08-30,0.0000,156.4245,132.0054,172.8517,161.3687,207.9960,157.4082,27.5297,69.8410,6.0152,305.2639,310.0793,130.0793,311.5422,131.5422
2027-08-31,0.0000,157.3914,147.0363,174.4828,162.6085,208.6455,157.6255,27.4947,69.8546,5.9919,305.2449,310.0264,130.0264,311.5310,131.5310
2027-09-01,0.0000,158.3588,162.0405,176.0926,163.8484,209.2966,157.8428,27.4580,69.8672,5.9682,305.2261,309.9734,129.9734,311.4956,131.4956
2027-09-02,0.0000,159.3267,176.8726,177.6812,165.0885,209.9491,158.0601,27.4197,69.8790,5.9442,305.2076,309.9205,129.9205,311.4369,131.4369
2027-09-03,0.0000,160.2949,191.4035,179.2488,166.3288,210.6031,158.2774,27.3799,69.8900,5.9200,305.1893,309.8675,129.8675,311.3604,131.3604
2027-09-04,0.0000,161.2636,205.5388,180.7955,167.5691,211.2586,158.4947,27.3386,69.9001,5.8955,305.1713,309.8146,129.8146,311.2752,131.2752
2027-09-05,0.0000,162.2327,219.2279,182.3213,168.8097,211.9156,158.7118,27.2958,69.9094,5.8708,305.1536,309.7616,129.7616,311.1924,131.1924
2027-09-06,0.0000,163.2023,232.4650,183.8262,170.0503,212.5740,158.9289,27.2515,69.9179,5.8459,305.1363,309.7086,129.7086,311.1228,131.1228
2027-09-07,0.0000,164.1722,245.2815,185.3101,171.2911,213.2339,159.1459,27.2057,69.9255,5.8207,305.1193,309.6557,129.6557,311.0748,131.0748
2027-09-08,0.0000,165.1426,257.7355,186.7728,172.5319,213.8951,159.3627,27.1585,69.9322,5.7953,305.1026,309.6027,129.6027,311.0524,131.0524
2027-09-09,0.0000,166.1133,269.9015,188.2142,173.7729,214.5578,159.5794,27.1099,69.9382,5.7697,305.0862,309.5498,129.5498,311.0542,131.0542
2027-09-10,0.0000,167.0845,281.8613,189.6340,175.0139,215.2219,159.7959,27.0599,69.9432,5.7439,305.0701,309.4968,129.4968,311.0735,131.0735
2027-09-11,0.0000,168.0561,293.6964,191.0319,176.2550,215.8873,160.0122,27.0085,69.9474,5.7179,305.0543,309.4439,129.4439,311.0995,131.0995
2027-09-12,0.0000,169.0282,305.4838,192.4074,177.4962,216.5541,160.2282,26.9558,69.9508,5.6917,305.0389,309.3909,129.3909,311.1189,131.1189
2027-09-13,0.0000,170.0007,317.2922,193.7599,178.7374,217.2222,160.4440,26.9017,69.9533,5.6654,305.0238,309.3380,129.3380,311.1189,131.1189
2027-09-14,0.0000,170.9736,329.1794,195.0890,179.9787,217.8917,160.6595,26.8462,69.9549,5.6388,305.0091,309.2850,129.2850,311.0898,131.0898
2027-09-15,0.0000,171.9471,341.1918,196.3937,181.2200,218.5625,160.8747,26.7895,69.9556,5.6121,304.9947,309.2321,129.2321,311.0267,131.0267
2027-09-16,0.0000,172.9210,353.3634,197.6733,182.4615,219.2347,161.0897,26.7316,69.9555,5.5852,304.9806,309.1791,129.1791,310.9310,130.9310
2027-09-17,0.0000,173.8954,5.7176,198.9268,183.7030,219.9082,161.3043,26.6724,69.9546,5.5582,304.9669,309.1262,129.1262,310.8105,130.8105
2027-09-18,0.0000,174.8704,18.2683,200.1530,184.9446,220.5831,161.5186,26.6120,69.9528,5.5311,304.9536,309.0732,129.0732,310.6775,130.6775
2027-09-19,0.0000,175.8460,31.0238,201.3506,186.1863,221.2593,161.7326,26.5505,69.9501,5.5039,304.9406,309.0203,129.0203,310.5471,130.5471
2027-09-20,0.0000,176.8221,43.9897,202.5181,187.4281,221.9370,161.9462,26.4878,69.9467,5.4766,304.9281,308.9673,128.9673,310.4337,130.4337
2027-09-21,0.0000,177.7988,57.1721,203.6538,188.6700,222.6160,162.1595,26.4240,69.9423,5.4492,304.9160,308.9143,128.9143,310.3486,130.3486
2027-09-22,0.0000,178.7762,70.5796,204.7557,189.9121,223.2963,162.3723,26.3592,69.9372,5.4217,304.9042,308.8614,128.8614,310.2975,130.2975
2027-09-23,0.0000,179.7542,84.2224,205.8217,191.1542,223.9781,162.5848,26.2933,69.9312,5.3941,304.8928,308.8084,128.8084,310.2788,130.2788
2027-09-24,0.0000,180.7329,98.1095,206.8493,192.3965,224.6612,162.7968,26.2265,69.9244,5.3665,304.8819,308.7555,128.7555,310.2843,130.2843
2027-09-25,0.0000,181.7121,112.2419,207.8357,193.6388,225.3457,163.0083,26.1586,69.9167,5.3389,304.8713,308.7025,128.7025,310.3004,130.3004
2027-09-26,0.0000,182.6920,126.6051,208.7777,194.8813,226.0316,163.2193,26.0897,69.9082,5.3112,304.8612,308.6496,128.6496,310.3104,130.3104
2027-09-27,0.0000,183.6725,141.1600,209.6720,196.1238,226.7188,163.4298,26.0200,69.8988,5.2834,304.8515,308.5966,128.5966,310.2983,130.2983
2027-09-28,0.0000,184.6536,155.8378,210.5146,197.3663,227.4074,163.6398,25.9493,69.8886,5.2556,304.8421,308.5437,128.5437,310.2516,130.2516
2027-09-29,0.0000,185.6353,170.5408,211.3013,198.6090,228.0973,163.8491,25.8777,69.8775,5.2278,304.8332,308.4907,128.4907,310.1639,130.1639
2027-09-30,0.0000,186.6175,185.1511,212.0271,199.8516,228.7886,164.0579,25.8054,69.8656,5.2000,304.8246,308.4378,128.4378,310.0365,130.0365
2027-10-01,0.0000,187.6004,199.5481,212.6870,201.0944,229.4812,164.2660,25.7322,69.8529,5.1721,304.8165,308.3848,128.3848,309.8782,129.8782
2027-10-02,0.0000,188.5837,213.6269,213.2752,202.3371,230.1752,164.4735,25.6584,69.8393,5.1444,304.8089,308.3319,128.3319,309.7037,129.7037
2027-10-03,0.0000,189.5676,227.3151,213.7854,203.5799,230.8704,164.6803,25.5839,69.8250,5.1167,304.8017,308.2789,128.2789,309.5310,129.5310
2027-10-04,0.0000,190.5521,240.5810,214.2108,204.8227,231.5670,164.8865,25.5088,69.8099,5.0890,304.7950,308.2259,128.2259,309.3776,129.3776
2027-10-05,0.0000,191.5370,253.4336,214.5444,206.0655,232.2649,165.0920,25.4331,69.7939,5.0614,304.7887,308.1730,128.1730,309.2572,129.2572
2027-10-06,0.0000,192.5225,265.9158,214.7787,207.3083,232.9640,165.2967,25.3568,69.7772,5.0339,304.7829,308.1200,128.1200,309.1770,129.1770
2027-10-07,0.0000,193.5085,278.0955,214.9060,208.5510,233.6644,165.5007,25.2801,69.7597,5.0065,304.7775,308.0671,128.0671,309.1362,129.1362
2027-10-08,0.0000,194.4949,290.0560,214.9186,209.7937,234.3661,165.7038,25.2028,69.7415,4.9791,304.7726,308.0141,128.0141,309.1257,129.1257
2027-10-09,0.0000,195.4818,301.8873,214.8094,211.0363,235.0689,165.9062,25.1252,69.7224,4.9519,304.7681,307.9612,127.9612,309.1302,129.1302
2027-10-10,0.0000,196.4692,313.6800,214.5718,212.2789,235.7730,166.1077,25.0471,69.7026,4.9248,304.7641,307.9082,127.9082,309.1309,129.1309
2027-10-11,0.0000,197.4571,325.5192,214.2006,213.5214,236.4783,166.3083,24.9687,69.6820,4.8977,304.7605,307.8553,127.8553,309.1093,129.1093
2027-10-12,0.0000,198.4455,337.4802,213.6926,214.7638,237.1848,166.5081,24.8900,69.6607,4.8708,304.7573,307.8023,127.8023,309.0507,129.0507
2027-10-13,0.0000,199.4344,349.6242,213.0475,216.0062,237.8925,166.7069,24.8110,69.6386,4.8441,304.7546,307.7494,127.7494,308.9473,128.9473
2027-10-14,0.0000,200.4238,1.9952,212.2683,217.2486,238.6014,166.9048,24.7318,69.6158,4.8175,304.7524,307.6964,127.6964,308.7997,128.7997
2027-10-15,0.0000,201.4138,14.6174,211.3628,218.4909,239.3115,167.1018,24.6524,69.5923,4.7910,304.7507,307.6435,127.6435,308.6171,128.6171
2027-10-16,0.0000,202.4043,27.4953,210.3438,219.7331,240.0228,167.2979,24.5729,69.5681,4.7648,304.7494,307.5905,127.5905,308.4152,128.4152
2027-10-17,0.0000,203.3955,40.6155,209.2299,220.9754,240.7353,167.4929,24.4933,69.5432,4.7387,304.7486,307.5375,127.5375,308.2136,128.2136
2027-10-18,0.0000,204.3872,53.9519,208.0454,222.2176,241.4490,167.6870,24.4136,69.5176,4.7129,304.7483,307.4846,127.4846,308.0319,128.0319
2027-10-19,0.0000,205.3795,67.4726,206.8196,223.4598,242.1640,167.8801,24.3340,69.4913,4.6872,304.7484,307.4316,127.4316,307.8857,127.8857
2027-10-20,0.0000,206.3725,81.1474,205.5863,224.7020,242.8802,168.0721,24.2544,69.4644,4.6618,304.7490,307.3787,127.3787,307.7835,127.7835
2027-10-21,0.0000,207.3661,94.9526,204.3814,225.9442,243.5976,168.2630,24.1749,69.4368,4.6367,304.7502,307.3257,127.3257,307.7252,127.7252
2027-10-22,0.0000,208.3603,108.8738,203.2412,227.1864,244.3162,168.4529,24.0956,69.4086,4.6117,304.7518,307.2728,127.2728,307.7022,127.7022
2027-10-23,0.0000,209.3552,122.9032,202.2003,228.4286,245.0360,168.6416,24.0163,69.3797,4.5870,304.7539,307.2198,127.2198,307.6985,127.6985
2027-10-24,0.0000,210.3506,137.0332,201.2891,229.6708,245.7570,168.8291,23.9373,69.3502,4.5626,304.7564,307.1669,127.1669,307.6943,127.6943
2027-10-25,0.0000,211.3467,151.2487,200.5327,230.9130,246.4792,169.0154,23.8585,69.3200,4.5384,304.7593,307.1139,127.1139,307.6698,127.6698
2027-10-26,0.0000,212.3435,165.5183,199.9498,232.1552,247.2026,169.2005,23.7800,69.2893,4.5144,304.7627,307.0610,127.0610,307.6089,127.6089
2027-10-27,0.0000,213.3408,179.7899,199.5521,233.3974,247.9272,169.3843,23.7018,69.2579,4.4908,304.7667,307.0080,127.0080,307.5027,127.5027
2027-10-28,0.0000,214.3387,193.9914,199.3450,234.6395,248.6530,169.5669,23.6240,69.2259,4.4674,304.7711,306.9551,126.9551,307.3508,127.3508
2027-10-29,0.0000,215.3372,208.0387,199.3277,235.8817,249.3800,169.7481,23.5467,69.1934,4.4443,304.7760,306.9021,126.9021,307.1619,127.1619
2027-10-30,0.0000,216.3362,221.8483,199.4949,237.1238,250.1082,169.9281,23.4699,69.1603,4.4216,304.7813,306.8491,126.8491,306.9517,126.9517
2027-10-31,0.0000,217.3358,235.3519,199.8373,238.3659,250.8375,170.1066,23.3936,69.1267,4.3992,304.7872,306.7962,126.7962,306.7403,126.7403
2027-11-01,0.0000,218.3359,248.5077,200.3430,239.6079,251.5680,170.2838,23.3179,69.0926,4.3772,304.7935,306.7432,126.7432,306.5478,126.5478
2027-11-02,0.0000,219.3365,261.3061,200.9985,240.8499,252.2996,170.4596,23.2428,69.0580,4.3556,304.8004,306.6903,126.6903,306.3907,126.3907
2027-11-03,0.0000,220.3375,273.7695,201.7893,242.0918,253.0323,170.6339,23.1683,69.0229,4.3342,304.8077,306.6373,126.6373,306.2786,126.2786
2027-11-04,0.0000,221.3391,285.9478,202.7008,243.3336,253.7661,170.8067,23.0946,68.9873,4.3133,304.8155,306.5844,126.5844,306.2124,126.2124
2027-11-05,0.0000,222.3410,297.9116,203.7190,244.5753,254.5010,170.9780,23.0216,68.9512,4.2927,304.8237,306.5314,126.5314,306.1841,126.1841
2027-11-06,0.0000,223.3434,309.7458,204.8304,245.8168,255.2370,171.1477,22.9494,68.9147,4.2725,304.8324,306.4785,126.4785,306.1784,126.1784
2027-11-07,0.0000,224.3462,321.5420,206.0224,247.0582,255.9739,171.3159,22.8780,68.8778,4.2526,304.8415,306.4255,126.4255,306.1759,126.1759
2027-11-08,0.0000,225.3494,333.3935,207.2837,248.2995,256.7119,171.4824,22.8074,68.8404,4.2332,304.8511,306.3726,126.3726,306.1566,126.1566
2027-11-09,0.0000,226.3530,345.3888,208.6041,249.5406,257.4510,171.6474,22.7378,68.8026,4.2141,304.8612,306.3196,126.3196,306.1042,126.1042
2027-11-10,0.0000,227.3570,357.6064,209.9745,250.7816,258.1911,171.8107,22.6690,68.7645,4.1955,304.8718,306.2667,126.2667,306.0088,126.0088
2027-11-11,0.0000,228.3615,10.1079,211.3869,252.0224,258.9321,171.9723,22.6013,68.7259,4.1773,304.8827,306.2137,126.2137,305.8695,125.8695
2027-11-12,0.0000,229.3664,22.9327,212.8344,253.2631,259.6742,172.1322,22.5346,68.6871,4.1595,304.8942,306.1607,126.1607,305.6936,125.6936
2027-11-13,0.0000,230.3717,36.0926,214.3108,254.5037,260.4174,172.2905,22.4689,68.6479,4.1422,304.9061,306.1078,126.1078,305.4960,125.4960
2027-11-14,0.0000,231.3775,49.5703,215.8111,255.7441,261.1615,172.4470,22.4043,68.6084,4.1253,304.9184,306.0548,126.0548,305.2955,125.2955
2027-11-15,0.0000,232.3838,63.3213,217.3309,256.9845,261.9067,172.6017,22.3409,68.5686,4.1089,304.9312,306.0019,126.0019,305.1118,125.1118
2027-11-16,0.0000,233.3906,77.2818,218.8662,258.2246,262.6528,172.7546,22.2786,68.5285,4.0929,304.9445,305.9489,125.9489,304.9611,124.9611
2027-11-17,0.0000,234.3978,91.3797,220.4140,259.4647,263.4000,172.9058,22.2174,68.4882,4.0774,304.9583,305.8960,125.8960,304.8534,124.8534
2027-11-18,0.0000,235.4056,105.5469,221.9716,260.7047,264.1482,173.0550,22.1575,68.4477,4.0624,304.9725,305.8430,125.8430,304.7902,124.7902
2027-11-19,0.0000,236.4138,119.7281,223.5367,261.9445,264.8973,173.2024,22.0988,68.4069,4.0478,304.9871,305.7901,125.7901,304.7650,124.7650
2027-11-20,0.0000,237.4225,133.8850,225.1074,263.1842,265.6475,173.3478,22.0414,68.3658,4.0337,305.0021,305.7371,125.7371,304.7639,124.7639
2027-11-21,0.0000,238.4318,147.9942,226.6822,264.4238,266.3986,173.4912,21.9852,68.3246,4.0201,305.0175,305.6842,125.6842,304.7689,124.7689
2027-11-22,0.0000,239.4415,162.0414,228.2598,265.6632,267.1508,173.6326,21.9304,68.2831,4.0070,305.0333,305.6312,125.6312,304.7615,124.7615
2027-11-23,0.0000,240.4517,176.0134,229.8391,266.9026,267.9039,173.7720,21.8769,68.2415,3.9943,305.0496,305.5783,125.5783,304.7261,124.7261
2027-11-24,0.0000,241.4623,189.8918,231.4194,268.1418,268.6580,173.9094,21.8248,68.1997,3.9821,305.0663,305.5253,125.5253,304.6529,124.6529
2027-11-25,0.0000,242.4735,203.6485,233.0000,269.3810,269.4130,174.0446,21.7741,68.1578,3.9705,305.0834,305.4724,125.4724,304.5401,124.5401
2027-11-26,0.0000,243.4851,217.2468,234.5804,270.6200,270.1691,174.1777,21.7249,68.1159,3.9594,305.1009,305.4194,125.4194,304.3939,124.3939
2027-11-27,0.0000,244.4971,230.6453,236.1602,271.8588,270.9261,174.3087,21.6773,68.0738,3.9488,305.1189,305.3664,125.3664,304.2269,124.2269
2027-11-28,0.0000,245.5095,243.8059,237.7392,273.0976,271.6840,174.4375,21.6311,68.0317,3.9388,305.1373,305.3135,125.3135,304.0560,124.0560
2027-11-29,0.0000,246.5223,256.7011,239.3171,274.3361,272.4429,174.5641,21.5865,67.9895,3.9293,305.1561,305.2605,125.2605,303.8988,123.8988
2027-11-30,0.0000,247.5355,269.3207,240.8938,275.5745,273.2026,174.6885,21.5434,67.9474,3.9204,305.1753,305.2076,125.2076,303.7703,123.7703
2027-12-01,0.0000,248.5489,281.6750,242.4693,276.8126,273.9632,174.8105,21.5019,67.9052,3.9120,305.1949,305.1546,125.1546,303.6796,123.6796
2027-12-02,0.0000,249.5627,293.7958,244.0436,278.0505,274.7247,174.9302,21.4620,67.8630,3.9041,305.2148,305.1017,125.1017,303.6291,123.6291
2027-12-03,0.0000,250.5767,305.7340,245.6168,279.2882,275.4870,175.0476,21.4238,67.8209,3.8968,305.2351,305.0487,125.0487,303.6133,123.6133
2027-12-04,0.0000,251.5909,317.5570,247.1889,280.5255,276.2501,175.1625,21.3871,67.7787,3.8900,305.2558,304.9958,124.9958,303.6208,123.6208
2027-12-05,0.0000,252.6054,329.3442,248.7602,281.7625,277.0141,175.2751,21.3522,67.7367,3.8838,305.2769,304.9428,124.9428,303.6362,123.6362
2027-12-06,0.0000,253.6201,341.1826,250.3309,282.9993,277.7788,175.3852,21.3188,67.6947,3.8781,305.2983,304.8899,124.8899,303.6433,123.6433
2027-12-07,0.0000,254.6351,353.1622,251.9010,284.2357,278.5443,175.4929,21.2872,67.6528,3.8729,305.3201,304.8369,124.8369,303.6285,123.6285
2027-12-08,0.0000,255.6502,5.3701,253.4709,285.4717,279.3105,175.5980,21.2573,67.6111,3.8684,305.3422,304.7840,124.7840,303.5831,123.5831
2027-12-09,0.0000,256.6656,17.8843,255.0407,286.7074,280.0775,175.7007,21.2291,67.5695,3.8644,305.3646,304.7310,124.7310,303.5050,123.5050
2027-12-10,0.0000,257.6811,30.7651,256.6108,287.9427,280.8453,175.8008,21.2027,67.5281,3.8610,305.3875,304.6780,124.6780,303.3987,123.3987
2027-12-11,0.0000,258.6969,44.0476,258.1814,289.1776,281.6138,175.8984,21.1780,67.4869,3.8581,305.4106,304.6251,124.6251,303.2744,123.2744
2027-12-12,0.0000,259.7128,57.7333,259.7527,290.4122,282.3831,175.9934,21.1551,67.4458,3.8559,305.4342,304.5721,124.5721,303.1461,123.1461
2027-12-13,0.0000,260.7290,71.7863,261.3250,291.6463,283.1531,176.0858,21.1340,67.4051,3.8542,305.4581,304.5192,124.5192,303.0279,123.0279
2027-12-14,0.0000,261.7455,86.1350,262.8987,292.8801,283.9238,176.1755,21.1147,67.3645,3.8531,305.4822,304.4662,124.4662,302.9324,122.9324
2027-12-15,0.0000,262.7621,100.6810,264.4738,294.1134,284.6952,176.2626,21.0972,67.3243,3.8526,305.5067,304.4133,124.4133,302.8673,122.8673
2027-12-16,0.0000,263.7790,115.3141,266.0507,295.3463,285.4674,176.3471,21.0814,67.2843,3.8527,305.5315,304.3603,124.3603,302.8347,122.8347
2027-12-17,0.0000,264.7961,129.9279,267.6296,296.5787,286.2402,176.4287,21.0675,67.2445,3.8533,305.5566,304.3074,124.3074,302.8307,122.8307
2027-12-18,0.0000,265.8135,144.4343,269.2107,297.8107,287.0137,176.5076,21.0553,67.2050,3.8545,305.5820,304.2544,124.2544,302.8463,122.8463
2027-12-19,0.0000,266.8311,158.7693,270.7942,299.0422,287.7879,176.5837,21.0449,67.1659,3.8563,305.6077,304.2015,124.2015,302.8696,122.8696
2027-12-20,0.0000,267.8489,172.8943,272.3803,300.2733,288.5627,176.6570,21.0364,67.1270,3.8586,305.6336,304.1485,124.1485,302.8882,122.8882
2027-12-21,0.0000,268.8670,186.7912,273.9691,301.5040,289.3383,176.7274,21.0296,67.0886,3.8615,305.6598,304.0956,124.0956,302.8912,122.8912
2027-12-22,0.0000,269.8853,200.4556,275.5608,302.7342,290.1145,176.7949,21.0247,67.0505,3.8650,305.6863,304.0426,124.0426,302.8719,122.8719
2027-12-23,0.0000,270.9038,213.8900,277.1554,303.9639,290.8915,176.8596,21.0217,67.0128,3.8691,305.7130,303.9896,123.9896,302.8286,122.8286
2027-12-24,0.0000,271.9226,227.0995,278.7529,305.1932,291.6690,176.9213,21.0206,66.9755,3.8737,305.7401,303.9367,123.9367,302.7644,122.7644
2027-12-25,0.0000,272.9416,240.0884,280.3532,306.4219,292.4473,176.9801,21.0213,66.9386,3.8790,305.7674,303.8837,123.8837,302.6869,122.6869
2027-12-26,0.0000,273.9607,252.8606,281.9563,307.6501,293.2261,177.0360,21.0239,66.9022,3.8849,305.7950,303.8308,123.8308,302.6059,122.6059
2027-12-27,0.0000,274.9799,265.4212,283.5618,308.8778,294.0056,177.0888,21.0283,66.8663,3.8913,305.8228,303.7778,123.7778,302.5319,122.5319
2027-12-28,0.0000,275.9993,277.7789,285.1695,310.1049,294.7856,177.1386,21.0347,66.8309,3.8984,305.8508,303.7249,123.7249,302.4736,122.4736
2027-12-29,0.0000,277.0187,289.9495,286.7789,311.3313,295.5662,177.1853,21.0428,66.7959,3.9060,305.8791,303.6719,123.6719,302.4364,122.4364
2027-12-30,0.0000,278.0381,301.9577,288.3895,312.5571,296.3474,177.2290,21.0529,66.7614,3.9142,305.9076,303.6190,123.6190,302.4216,122.4216
2027-12-31,0.0000,279.0576,313.8394,290.0005,313.7821,297.1290,177.2696,21.0648,66.7275,3.9229,305.9363,303.5660,123.5660,302.4264,122.4264
2028-01-01,0.0000,280.0770,325.6419,291.6111,315.0065,297.9111,177.3071,21.0785,66.6941,3.9322,305.9651,303.5131,123.5131,302.4447,122.4447
2028-01-02,0.0000,281.0965,337.4239,293.2200,316.2300,298.6937,177.3415,21.0941,66.6612,3.9421,305.9942,303.4601,123.4601,302.4683,122.4683
2028-01-03,0.0000,282.1159,349.2540,294.8260,317.4528,299.4768,177.3727,21.1115,66.6289,3.9525,306.0234,303.4072,123.4072,302.4892,122.4892
2028-01-04,0.0000,283.1352,1.2083,296.4274,318.6747,300.2603,177.4008,21.1307,66.5972,3.9635,306.0528,303.3542,123.3542,302.5006,122.5006
2028-01-05,0.0000,284.1545,13.3674,298.0221,319.8958,301.0443,177.4257,21.1518,66.5661,3.9751,306.0824,303.3012,123.3012,302.4985,122.4985
2028-01-06,0.0000,285.1736,25.8117,299.6078,321.1160,301.8286,177.4475,21.1747,66.5356,3.9872,306.1122,303.2483,123.2483,302.4821,122.4821
2028-01-07,0.0000,286.1927,38.6141,301.1816,322.3352,302.6134,177.4662,21.1995,66.5057,3.9999,306.1421,303.1953,123.1953,302.4538,122.4538
2028-01-08,0.0000,287.2117,51.8322,302.7402,323.5535,303.3986,177.4817,21.2261,66.4765,4.0132,306.1723,303.1424,123.1424,302.4183,122.4183
2028-01-09,0.0000,288.2307,65.4981,304.2795,324.7708,304.1841,177.4940,21.2545,66.4480,4.0271,306.2025,303.0894,123.0894,302.3814,122.3814
2028-01-10,0.0000,289.2495,79.6083,305.7948,325.9871,304.9701,177.5031,21.2847,66.4201,4.0415,306.2329,303.0365,123.0365,302.3489,122.3489
2028-01-11,0.0000,290.2682,94.1171,307.2808,327.2023,305.7563,177.5091,21.3167,66.3929,4.0564,306.2634,302.9835,122.9835,302.3250,122.3250
2028-01-12,0.0000,291.2868,108.9353,308.7310,328.4164,306.5430,177.5119,21.3504,66.3664,4.0719,306.2941,302.9306,122.9306,302.3119,122.3119
2028-01-13,0.0000,292.3054,123.9384,310.1382,329.6295,307.3299,177.5115,21.3859,66.3406,4.0879,306.3249,302.8776,122.8776,302.3096,122.3096
2028-01-14,0.0000,293.3238,138.9827,311.4941,330.8413,308.1172,177.5078,21.4232,66.3154,4.1044,306.3558,302.8247,122.8247,302.3158,122.3158
2028-01-15,0.0000,294.3421,153.9261,312.7893,332.0520,308.9048,177.5010,21.4621,66.2910,4.1215,306.3867,302.7717,122.7717,302.3269,122.3269
2028-01-16,0.0000,295.3604,168.6475,314.0132,333.2615,309.6927,177.4909,21.5028,66.2672,4.1390,306.4177,302.7188,122.7188,302.3391,122.3391
2028-01-17,0.0000,296.3787,183.0598,315.1542,334.4699,310.4809,177.4776,21.5452,66.2442,4.1571,306.4488,302.6658,122.6658,302.3490,122.3490
2028-01-18,0.0000,297.3968,197.1140,316.1995,335.6770,311.2694,177.4611,21.5893,66.2219,4.1757,306.4800,302.6128,122.6128,302.3544,122.3544
2028-01-19,0.0000,298.4150,210.7966,317.1356,336.8830,312.0583,177.4414,21.6351,66.2004,4.1948,306.5113,302.5599,122.5599,302.3549,122.3549
2028-01-20,0.0000,299.4331,224.1208,317.9480,338.0877,312.8474,177.4185,21.6826,66.1797,4.2144,306.5426,302.5069,122.5069,302.3515,122.3515
2028-01-21,0.0000,300.4511,237.1181,318.6223,339.2911,313.6369,177.3924,21.7319,66.1597,4.2345,306.5741,302.4540,122.4540,302.3461,122.3461
2028-01-22,0.0000,301.4690,249.8289,319.1441,340.4933,314.4266,177.3631,21.7828,66.1406,4.2552,306.6055,302.4010,122.4010,302.3410,122.3410
2028-01-23,0.0000,302.4868,262.2966,319.5000,341.6941,315.2165,177.3307,21.8353,66.1222,4.2763,306.6371,302.3481,122.3481,302.3379,122.3379
2028-01-24,0.0000,303.5044,274.5633,319.6785,342.8935,316.0067,177.2950,21.8896,66.1047,4.2980,306.6686,302.2951,122.2951,302.3376,122.3376
2028-01-25,0.0000,304.5219,286.6675,319.6707,344.0915,316.7971,177.2562,21.9454,66.0880,4.3201,306.7002,302.2422,122.2422,302.3397,122.3397
2028-01-26,0.0000,305.5392,298.6446,319.4716,345.2880,317.5877,177.2143,22.0029,66.0720,4.3427,306.7318,302.1892,122.1892,302.3424,122.3424
2028-01-27,0.0000,306.5563,310.5278,319.0810,346.4829,318.3784,177.1692,22.0619,66.0569,4.3658,306.7634,302.1363,122.1363,302.3436,122.3436
2028-01-28,0.0000,307.5731,322.3499,318.5046,347.6763,319.1692,177.1211,22.1226,66.0426,4.3893,306.7950,302.0833,122.0833,302.3411,122.3411
2028-01-29,0.0000,308.5896,334.1461,317.7543,348.8680,319.9602,177.0698,22.1848,66.0292,4.4133,306.8265,302.0304,122.0304,302.3336,122.3336
2028-01-30,0.0000,309.6058,345.9562,316.8487,350.0580,320.7513,177.0156,22.2485,66.0165,4.4377,306.8581,301.9774,121.9774,302.3210,122.3210
2028-01-31,0.0000,310.6218,357.8259,315.8127,351.2463,321.5424,176.9583,22.3138,66.0048,4.4625,306.8896,301.9245,121.9245,302.3050,122.3050
2028-02-01,0.0000,311.6374,9.8085,314.6765,352.4327,322.3336,176.8981,22.3806,65.9938,4.4878,306.9211,301.8715,121.8715,302.2883,122.2883
2028-02-02,0.0000,312.6527,21.9642,313.4741,353.6173,323.1249,176.8349,22.4489,65.9838,4.5136,306.9526,301.8185,121.8185,302.2746,122.2746
2028-02-03,0.0000,313.6676,34.3585,312.2413,354.8000,323.9162,176.7689,22.5187,65.9746,4.5398,306.9840,301.7656,121.7656,302.2670,122.2670
2028-02-04,0.0000,314.6821,47.0592,311.0136,355.9807,324.7075,176.7000,22.5900,65.9663,4.5664,307.0153,301.7126,121.7126,302.2679,122.2679
2028-02-05,0.0000,315.6963,60.1301,309.8243,357.1594,325.4989,176.6283,22.6627,65.9589,4.5934,307.0467,301.6597,121.6597,302.2775,122.2775
2028-02-06,0.0000,316.7101,73.6231,308.7027,358.3360,326.2902,176.5539,22.7369,65.9524,4.6209,307.0779,301.6067,121.6067,302.2940,122.2940
2028-02-07,0.0000,317.7236,87.5674,307.6733,359.5104,327.0815,176.4768,22.8125,65.9467,4.6487,307.1092,301.5538,121.5538,302.3132,122.3132
2028-02-08,0.0000,318.7366,101.9584,306.7548,0.6825,327.8728,176.3970,22.8895,65.9420,4.6770,307.1403,301.5008,121.5008,302.3297,122.3297
2028-02-09,0.0000,319.7492,116.7470,305.9606,1.8524,328.6640,176.3146,22.9679,65.9381,4.7056,307.1713,301.4479,121.4479,302.3378,122.3378
2028-02-10,0.0000,320.7614,131.8353,305.2988,3.0199,329.4551,176.2296,23.0476,65.9350,4.7346,307.2022,301.3949,121.3949,302.3327,122.3327
2028-02-11,0.0000,321.7732,147.0825,304.7732,4.1849,330.2462,176.1420,23.1286,65.9329,4.7640,307.2330,301.3420,121.3420,302.3117,122.3117
2028-02-12,0.0000,322.7846,162.3216,304.3840,5.3475,331.0371,176.0520,23.2109,65.9316,4.7937,307.2637,301.2890,121.2890,302.2751,122.2751
2028-02-13,0.0000,323.7957,177.3848,304.1285,6.5076,331.8280,175.9595,23.2945,65.9311,4.8237,307.2942,301.2361,121.2361,302.2263,122.2263
2028-02-14,0.0000,324.8065,192.1300,304.0021,7.6651,332.6188,175.8647,23.3794,65.9316,4.8541,307.3246,301.1831,121.1831,302.1716,122.1716
2028-02-15,0.0000,325.8169,206.4598,303.9987,8.8200,333.4095,175.7676,23.4655,65.9329,4.8849,307.3549,301.1301,121.1301,302.1186,122.1186
2028-02-16,0.0000,326.8271,220.3279,304.1113,9.9724,334.2002,175.6682,23.5530,65.9352,4.9160,307.3851,301.0772,121.0772,302.0752,122.0752
2028-02-17,0.0000,327.8369,233.7347,304.3327,11.1221,334.9908,175.5666,23.6417,65.9383,4.9474,307.4151,301.0242,121.0242,302.0474,122.0474
2028-02-18,0.0000,328.8464,246.7164,304.6553,12.2690,335.7812,175.4629,23.7316,65.9424,4.9792,307.4450,300.9713,120.9713,302.0382,122.0382
2028-02-19,0.0000,329.8556,259.3321,305.0719,13.4131,336.5716,175.3572,23.8227,65.9473,5.0113,307.4747,300.9183,120.9183,302.0467,122.0467
2028-02-20,0.0000,330.8645,271.6514,305.5753,14.5544,337.3618,175.2494,23.9150,65.9531,5.0437,307.5043,300.8654,120.8654,302.0679,122.0679
2028-02-21,0.0000,331.8729,283.7463,306.1591,15.6927,338.1518,175.1398,24.0085,65.9599,5.0764,307.5338,300.8124,120.8124,302.0934,122.0934
2028-02-22,0.0000,332.8810,295.6846,306.8168,16.8280,338.9417,175.0283,24.1031,65.9675,5.1094,307.5630,300.7595,120.7595,302.1132,122.1132
2028-02-23,0.0000,333.8887,307.5267,307.5429,17.9602,339.7313,174.9150,24.1988,65.9759,5.1427,307.5919,300.7065,120.7065,302.1172,122.1172
2028-02-24,0.0000,334.8959,319.3238,308.3319,19.0892,340.5207,174.8000,24.2956,65.9853,5.1762,307.6207,300.6536,120.6536,302.0980,122.0980
2028-02-25,0.0000,335.9027,331.1186,309.1792,20.2149,341.3099,174.6834,24.3935,65.9955,5.2100,307.6493,300.6006,120.6006,302.0517,122.0517
2028-02-26,0.0000,336.9090,342.9462,310.0804,21.3371,342.0989,174.5653,24.4924,66.0066,5.2440,307.6777,300.5477,120.5477,301.9798,121.9798
2028-02-27,0.0000,337.9148,354.8371,311.0315,22.4560,342.8875,174.4457,24.5924,66.0186,5.2783,307.7058,300.4947,120.4947,301.8883,121.8883
2028-02-28,0.0000,338.9202,6.8199,312.0289,23.5712,343.6759,174.3248,24.6935,66.0314,5.3129,307.7338,300.4417,120.4417,301.7874,121.7874
2028-02-29,0.0000,339.9250,18.9245,313.0696,24.6827,344.4640,174.2026,24.7955,66.0451,5.3476,307.7614,300.3888,120.3888,301.6894,121.6894
2028-03-01,0.0000,340.9293,31.1852,314.1506,25.7904,345.2518,174.0793,24.8985,66.0597,5.3826,307.7889,300.3358,120.3358,301.6060,121.6060
2028-03-02,0.0000,341.9331,43.6422,315.2694,26.8942,346.0392,173.9549,25.0025,66.0752,5.4179,307.8161,300.2829,120.2829,301.5463,121.5463
2028-03-03,0.0000,342.9363,56.3420,316.4236,27.9940,346.8263,173.8295,25.1075,66.0915,5.4533,307.8431,300.2299,120.2299,301.5147,121.5147
2028-03-04,0.0000,343.9389,69.3354,317.6114,29.0896,347.6130,173.7033,25.2134,66.1087,5.4890,307.8698,300.1770,120.1770,301.5095,121.5095
2028-03-05,0.0000,344.9410,82.6729,318.8309,30.1808,348.3994,173.5763,25.3202,66.1268,5.5248,307.8963,300.1240,120.1240,301.5236,121.5236
2028-03-06,0.0000,345.9425,96.3965,320.0804,31.2677,349.1854,173.4486,25.4278,66.1457,5.5609,307.9225,300.0711,120.0711,301.5450,121.5450
2028-03-07,0.0000,346.9434,110.5292,321.3587,32.3499,349.9709,173.3203,25.5364,66.1654,5.5971,307.9484,300.0181,120.0181,301.5596,121.5596
2028-03-08,0.0000,347.9436,125.0620,322.6643,33.4273,350.7560,173.1915,25.6457,66.1860,5.6335,307.9741,299.9652,119.9652,301.5538,121.5538
2028-03-09,0.0000,348.9433,139.9419,323.9964,34.4999,351.5407,173.0622,25.7559,66.2074,5.6700,307.9994,299.9122,119.9122,301.5170,121.5170
2028-03-10,0.0000,349.9424,155.0664,325.3538,35.5674,352.3249,172.9325,25.8668,66.2295,5.7066,308.0244,299.8593,119.8593,301.4442,121.4442
2028-03-11,0.0000,350.9409,170.2886,326.7359,36.6298,353.1087,172.8026,25.9785,66.2525,5.7433,308.0492,299.8063,119.8063,301.3369,121.3369
2028-03-12,0.0000,351.9389,185.4359,328.1419,37.6868,353.8921,172.6725,26.0909,66.2762,5.7802,308.0736,299.7533,119.7533,301.2033,121.2033
2028-03-13,0.0000,352.9363,200.3393,329.5713,38.7384,354.6750,172.5424,26.2041,66.3008,5.8173,308.0977,299.7004,119.7004,301.0565,121.0565
2028-03-14,0.0000,353.9333,214.8615,331.0235,39.7845,355.4574,172.4123,26.3181,66.3262,5.8544,308.1215,299.6474,119.6474,300.9125,120.9125
2028-03-15,0.0000,354.9298,228.9164,332.4982,40.8249,356.2395,172.2823,26.4327,66.3523,5.8917,308.1450,299.5945,119.5945,300.7867,120.7867
2028-03-16,0.0000,355.9259,242.4743,333.9951,41.8595,357.0211,172.1524,26.5481,66.3793,5.9291,308.1682,299.5415,119.5415,300.6908,120.6908
2028-03-17,0.0000,356.9214,255.5545,335.5137,42.8881,357.8023,172.0229,26.6642,66.4071,5.9665,308.1911,299.4886,119.4886,300.6309,120.6309
2028-03-18,0.0000,357.9166,268.2126,337.0540,43.9105,358.5830,171.8938,26.7809,66.4356,6.0041,308.2136,299.4356,119.4356,300.6054,120.6054
2028-03-19,0.0000,358.9112,280.5257,338.6158,44.9266,359.3632,171.7651,26.8982,66.4649,6.0418,308.2358,299.3827,119.3827,300.6057,120.6057
2028-03-20,0.0000,359.9053,292.5805,340.1990,45.9361,0.1430,171.6370,27.0162,66.4949,6.0795,308.2577,299.3297,119.3297,300.6174,120.6174
2028-03-21,0.0000,0.8990,304.4640,341.8036,46.9389,0.9222,171.5096,27.1348,66.5257,6.1172,308.2791,299.2768,119.2768,300.6234,120.6234
2028-03-22,0.0000,1.8921,316.2574,343.4296,47.9347,1.7009,171.3828,27.2539,66.5572,6.1550,308.3003,299.2238,119.2238,300.6067,120.6067
2028-03-23,0.0000,2.8847,328.0321,345.0769,48.9234,2.4790,171.2569,27.3736,66.5895,6.1929,308.3210,299.1709,119.1709,300.5544,120.5544
2028-03-24,0.0000,3.8768,339.8467,346.7458,49.9046,3.2566,171.1319,27.4938,66.6224,6.2307,308.3414,299.1179,119.1179,300.4599,120.4599
2028-03-25,0.0000,4.8684,351.7471,348.4364,50.8782,4.0337,171.0080,27.6145,66.6561,6.2686,308.3614,299.0649,119.0649,300.3243,120.3243
2028-03-26,0.0000,5.8593,3.7661,350.1487,51.8439,4.8101,170.8851,27.7357,66.6905,6.3064,308.3810,299.0120,119.0120,300.1569,120.1569
2028-03-27,0.0000,6.8498,15.9261,351.8830,52.8014,5.5860,170.7635,27.8574,66.7256,6.3443,308.4002,298.9590,118.9590,299.9729,119.9729
2028-03-28,0.0000,7.8396,28.2418,353.6395,53.7505,6.3613,170.6431,27.9796,66.7614,6.3821,308.4191,298.9061,118.9061,299.7906,119.7906
2028-03-29,0.0000,8.8289,40.7247,355.4184,54.6907,7.1360,170.5242,28.1022,66.7979,6.4200,308.4376,298.8531,118.8531,299.6283,119.6283
2028-03-30,0.0000,9.8176,53.3877,357.2198,55.6219,7.9101,170.4067,28.2252,66.8351,6.4579,308.4557,298.8002,118.8002,299.5002,119.5002
2028-03-31,0.0000,10.8057,66.2484,359.0439,56.5437,8.6835,170.2907,28.3487,66.8729,6.4958,308.4734,298.7472,118.7472,299.4138,119.4138
2028-04-01,0.0000,11.7931,79.3311,0.8908,57.4557,9.4563,170.1764,28.4725,66.9115,6.5336,308.4907,298.6943,118.6943,299.3681,119.3681
2028-04-02,0.0000,12.7799,92.6663,2.7607,58.3575,10.2284,170.0637,28.5967,66.9506,6.5714,308.5077,298.6413,118.6413,299.3540,119.3540
2028-04-03,0.0000,13.7661,106.2862,4.6536,59.2488,10.9999,169.9529,28.7213,66.9904,6.6091,308.5242,298.5884,118.5884,299.3560,119.3560
2028-04-04,0.0000,14.7516,120.2168,6.5693,60.1291,11.7706,169.8438,28.8461,67.0309,6.6468,308.5403,298.5354,118.5354,299.3547,119.3547
2028-04-05,0.0000,15.7364,134.4669,8.5077,60.9981,12.5406,169.7367,28.9712,67.0719,6.6844,308.5559,298.4825,118.4825,299.3311,119.3311
2028-04-06,0.0000,16.7206,149.0157,10.4686,61.8552,13.3099,169.6315,29.0966,67.1135,6.7218,308.5712,298.4295,118.4295,299.2704,119.2704
2028-04-07,0.0000,17.7041,163.8027,12.4515,62.7000,14.0785,169.5283,29.2222,67.1557,6.7592,308.5860,298.3766,118.3766,299.1644,119.1644
2028-04-08,0.0000,18.6870,178.7247,14.4556,63.5322,14.8463,169.4272,29.3481,67.1985,6.7965,308.6003,298.3236,118.3236,299.0137,119.0137
2028-04-09,0.0000,19.6693,193.6439,16.4801,64.3512,15.6134,169.3282,29.4742,67.2418,6.8336,308.6143,298.2706,118.2706,298.8275,118.8275
2028-04-10,0.0000,20.6511,208.4084,18.5237,65.1566,16.3799,169.2315,29.6005,67.2858,6.8707,308.6278,298.2177,118.2177,298.6218,118.6218
2028-04-11,0.0000,21.6323,222.8783,20.5850,65.9479,17.1456,169.1370,29.7270,67.3303,6.9076,308.6409,298.1647,118.1647,298.4165,118.4165
2028-04-12,0.0000,22.6130,236.9488,22.6621,66.7247,17.9107,169.0448,29.8537,67.3753,6.9445,308.6536,298.1118,118.1118,298.2313,118.2313
2028-04-13,0.0000,23.5932,250.5641,24.7525,67.4863,18.6750,168.9550,29.9806,67.4209,6.9812,308.6659,298.0588,118.0588,298.0821,118.0821
2028-04-14,0.0000,24.5730,263.7178,26.8534,68.2323,19.4387,168.8675,30.1076,67.4671,7.0178,308.6777,298.0059,118.0059,297.9777,117.9777
2028-04-15,0.0000,25.5522,276.4457,28.9617,68.9621,20.2017,168.7826,30.2348,67.5138,7.0542,308.6891,297.9529,117.9529,297.9180,117.9180
2028-04-16,0.0000,26.5310,288.8134,31.0735,69.6750,20.9639,168.7001,30.3621,67.5609,7.0905,308.7001,297.9000,117.9000,297.8944,117.8944
2028-04-17,0.0000,27.5093,300.9044,33.1848,70.3706,21.7254,168.6201,30.4894,67.6086,7.1266,308.7106,297.8470,117.8470,297.8908,117.8908
2028-04-18,0.0000,28.4871,312.8099,35.2909,71.0480,22.4862,168.5428,30.6168,67.6568,7.1625,308.7206,297.7941,117.7941,297.8874,117.8874
2028-04-19,0.0000,29.4644,324.6208,37.3868,71.7066,23.2462,168.4681,30.7443,67.7054,7.1983,308.7302,297.7411,117.7411,297.8643,117.8643
2028-04-20,0.0000,30.4412,336.4220,39.4674,72.3458,24.0055,168.3960,30.8717,67.7544,7.2338,308.7393,297.6882,117.6882,297.8053,117.8053
2028-04-21,0.0000,31.4176,348.2881,41.5273,72.9647,24.7640,168.3266,30.9992,67.8040,7.2691,308.7479,297.6352,117.6352,297.7013,117.7013
2028-04-22,0.0000,32.3934,0.2797,43.5609,73.5625,25.5217,168.2600,31.1267,67.8540,7.3042,308.7561,297.5822,117.5822,297.5519,117.5519
2028-04-23,0.0000,33.3688,12.4415,45.5630,74.1386,26.2786,168.1962,31.2541,67.9044,7.3391,308.7639,297.5293,117.5293,297.3657,117.3657
2028-04-24,0.0000,34.3437,24.8013,47.5283,74.6920,27.0348,168.1352,31.3816,67.9552,7.3738,308.7712,297.4763,117.4763,297.1584,117.1584
2028-04-25,0.0000,35.3181,37.3712,49.4519,75.2219,27.7902,168.0771,31.5089,68.0065,7.4083,308.7780,297.4234,117.4234,296.9498,116.9498
2028-04-26,0.0000,36.2920,50.1503,51.3291,75.7273,28.5448,168.0219,31.6362,68.0582,7.4425,308.7844,297.3704,117.3704,296.7601,116.7601
2028-04-27,0.0000,37.2654,63.1299,53.1559,76.2073,29.2986,167.9697,31.7635,68.1103,7.4765,308.7903,297.3175,117.3175,296.6056,116.6056
2028-04-28,0.0000,38.2382,76.2990,54.9285,76.6609,30.0516,167.9203,31.8906,68.1628,7.5103,308.7958,297.2645,117.2645,296.4961,116.4961
2028-04-29,0.0000,39.2105,89.6497,56.6434,77.0871,30.8037,167.8740,32.0176,68.2157,7.5438,308.8008,297.2116,117.2116,296.4325,116.4325
2028-04-30,0.0000,40.1822,103.1805,58.2980,77.4849,31.5549,167.8306,32.1444,68.2690,7.5771,308.8054,297.1586,117.1586,296.4070,116.4070
2028-05-01,0.0000,41.1534,116.8960,59.8895,77.8531,32.3053,167.7902,32.2710,68.3225,7.6100,308.8095,297.1057,117.1057,296.4044,116.4044
2028-05-02,0.0000,42.1240,130.8035,61.4159,78.1908,33.0548,167.7528,32.3975,68.3764,7.6427,308.8131,297.0527,117.0527,296.4056,116.4056
2028-05-03,0.0000,43.0939,144.9050,62.8753,78.4969,33.8035,167.7185,32.5237,68.4306,7.6751,308.8163,296.9998,116.9998,296.3908,116.3908
2028-05-04,0.0000,44.0633,159.1881,64.2659,78.7702,34.5512,167.6871,32.6496,68.4851,7.7071,308.8189,296.9468,116.9468,296.3440,116.3440
2028-05-05,0.0000,45.0321,173.6173,65.5865,79.0099,35.2980,167.6587,32.7753,68.5399,7.7388,308.8211,296.8938,116.8938,296.2554,116.2554
2028-05-06,0.0000,46.0004,188.1283,66.8356,79.2148,36.0440,167.6334,32.9007,68.5950,7.7703,308.8228,296.8409,116.8409,296.1237,116.1237
2028-05-07,0.0000,46.9682,202.6309,68.0121,79.3839,36.7891,167.6111,33.0259,68.6504,7.8014,308.8241,296.7879,116.7879,295.9564,115.9564
2028-05-08,0.0000,47.9355,217.0181,69.1149,79.5165,37.5333,167.5919,33.1508,68.7060,7.8322,308.8250,296.7350,116.7350,295.7677,115.7677
2028-05-09,0.0000,48.9023,231.1832,70.1427,79.6117,38.2767,167.5757,33.2754,68.7619,7.8627,308.8254,296.6820,116.6820,295.5764,115.5764
2028-05-10,0.0000,49.8687,245.0370,71.0946,79.6687,39.0192,167.5625,33.3997,68.8181,7.8929,308.8253,296.6291,116.6291,295.4014,115.4014
2028-05-11,0.0000,50.8347,258.5214,71.9696,79.6868,39.7609,167.5525,33.5236,68.8745,7.9228,308.8248,296.5761,116.5761,295.2588,115.2588
2028-05-12,0.0000,51.8003,271.6156,72.7666,79.6654,40.5018,167.5454,33.6472,68.9312,7.9523,308.8238,296.5232,116.5232,295.1582,115.1582
2028-05-13,0.0000,52.7656,284.3345,73.4845,79.6040,41.2418,167.5414,33.7704,68.9880,7.9815,308.8225,296.4702,116.4702,295.1014,115.1014
2028-05-14,0.0000,53.7304,296.7232,74.1226,79.5025,41.9809,167.5404,33.8932,69.0451,8.0103,308.8206,296.4173,116.4173,295.0818,115.0818
2028-05-15,0.0000,54.6949,308.8487,74.6800,79.3605,42.7192,167.5424,34.0156,69.1023,8.0387,308.8183,296.3643,116.3643,295.0862,115.0862
2028-05-16,0.0000,55.6590,320.7917,75.1560,79.1780,43.4566,167.5474,34.1375,69.1597,8.0667,308.8155,296.3114,116.3114,295.0971,115.0971
2028-05-17,0.0000,56.6228,332.6394,75.5502,78.9554,44.1932,167.5554,34.2590,69.2173,8.0944,308.8122,296.2584,116.2584,295.0965,115.0965
2028-05-18,0.0000,57.5862,344.4794,75.8623,78.6929,44.9288,167.5665,34.3801,69.2750,8.1217,308.8085,296.2054,116.2054,295.0692,115.0692
2028-05-19,0.0000,58.5494,356.3949,76.0924,78.3913,45.6637,167.5805,34.5006,69.3329,8.1485,308.8043,296.1525,116.1525,295.0059,115.0059
2028-05-20,0.0000,59.5122,8.4593,76.2411,78.0514,46.3976,167.5976,34.6207,69.3909,8.1750,308.7998,296.0995,116.0995,294.9046,114.9046
2028-05-21,0.0000,60.4746,20.7324,76.3094,77.6745,47.1307,167.6177,34.7402,69.4491,8.2011,308.7947,296.0466,116.0466,294.7712,114.7712
2028-05-22,0.0000,61.4368,33.2565,76.2988,77.2619,47.8629,167.6407,34.8593,69.5074,8.2268,308.7892,295.9936,115.9936,294.6179,114.6179
2028-05-23,0.0000,62.3987,46.0536,76.2116,76.8154,48.5942,167.6668,34.9778,69.5658,8.2521,308.7833,295.9407,115.9407,294.4610,114.4610
2028-05-24,0.0000,63.3602,59.1252,76.0506,76.3371,49.3246,167.6958,35.0957,69.6243,8.2770,308.7770,295.8877,115.8877,294.3173,114.3173
2028-05-25,0.0000,64.3214,72.4541,75.8196,75.8293,50.0542,167.7278,35.2130,69.6829,8.3015,308.7703,295.8348,115.8348,294.2009,114.2009
2028-05-26,0.0000,65.2822,86.0090,75.5232,75.2946,50.7828,167.7628,35.3298,69.7416,8.3255,308.7631,295.7818,115.7818,294.1209,114.1209
2028-05-27,0.0000,66.2427,99.7518,75.1667,74.7359,51.5105,167.8006,35.4459,69.8003,8.3491,308.7556,295.7289,115.7289,294.0793,114.0793
2028-05-28,0.0000,67.2028,113.6432,74.7565,74.1563,52.2373,167.8414,35.5613,69.8591,8.3723,308.7475,295.6759,115.6759,294.0710,114.0710
2028-05-29,0.0000,68.1626,127.6485,74.2996,73.5593,52.9631,167.8851,35.6761,69.9179,8.3950,308.7391,295.6230,115.6230,294.0851,114.0851
2028-05-30,0.0000,69.1219,141.7387,73.8039,72.9485,53.6879,167.9316,35.7902,69.9768,8.4173,308.7302,295.5700,115.5700,294.1070,114.1070
2028-05-31,0.0000,70.0808,155.8890,73.2781,72.3277,54.4118,167.9809,35.9036,70.0354,8.4390,308.7209,295.5170,115.5170,294.1215,114.1215
2028-06-01,0.0000,71.0393,170.0745,72.7312,71.7009,55.1347,168.0331,36.0162,70.0941,8.4604,308.7112,295.4641,115.4641,294.1156,114.1156
2028-06-02,0.0000,71.9974,184.2647,72.1727,71.0721,55.8566,168.0880,36.1281,70.1529,8.4812,308.7011,295.4111,115.4111,294.0812,114.0812
2028-06-03,0.0000,72.9552,198.4199,71.6124,70.4455,56.5776,168.1457,36.2392,70.2116,8.5016,308.6906,295.3582,115.3582,294.0162,114.0162
2028-06-04,0.0000,73.9126,212.4900,71.0598,69.8251,57.2977,168.2061,36.3496,70.2704,8.5215,308.6797,295.3052,115.3052,293.9249,113.9249
2028-06-05,0.0000,74.8697,226.4178,70.5245,69.2150,58.0169,168.2693,36.4593,70.3290,8.5410,308.6684,295.2523,115.2523,293.8170,113.8170
2028-06-06,0.0000,75.8266,240.1452,70.0156,68.6191,58.7351,168.3352,36.5682,70.3877,8.5600,308.6568,295.1993,115.1993,293.7053,113.7053
2028-06-07,0.0000,76.7832,253.6216,69.5417,68.0412,59.4525,168.4037,36.6762,70.4463,8.5785,308.6448,295.1464,115.1464,293.6032,113.6032
2028-06-08,0.0000,77.7395,266.8112,69.1106,67.4847,60.1689,168.4749,36.7835,70.5048,8.5965,308.6324,295.0934,115.0934,293.5221,113.5221
2028-06-09,0.0000,78.6956,279.6986,68.7294,66.9528,60.8844,168.5488,36.8899,70.5632,8.6141,308.6197,295.0405,115.0405,293.4693,113.4693
2028-06-10,0.0000,79.6515,292.2908,68.4044,66.4486,61.5991,168.6252,36.9954,70.6215,8.6312,308.6066,294.9875,114.9875,293.4465,113.4465
2028-06-11,0.0000,80.6073,304.6163,68.1408,65.9746,62.3128,168.7042,37.1001,70.6797,8.6477,308.5931,294.9346,114.9346,293.4502,113.4502
2028-06-12,0.0000,81.5628,316.7225,67.9432,65.5331,63.0256,168.7857,37.2039,70.7378,8.6638,308.5792,294.8816,114.8816,293.4719,113.4719
2028-06-13,0.0000,82.5182,328.6718,67.8151,65.1262,63.7375,168.8698,37.3067,70.7957,8.6793,308.5650,294.8287,114.8287,293.5008,113.5008
2028-06-14,0.0000,83.4735,340.5370,67.7592,64.7555,64.4484,168.9563,37.4086,70.8535,8.6944,308.5504,294.7757,114.7757,293.5254,113.5254
2028-06-15,0.0000,84.4287,352.3975,67.7777,64.4224,65.1585,169.0454,37.5096,70.9111,8.7089,308.5355,294.7227,114.7227,293.5360,113.5360
2028-06-16,0.0000,85.3837,4.3343,67.8719,64.1279,65.8677,169.1369,37.6096,70.9685,8.7229,308.5203,294.6698,114.6698,293.5266,113.5266
2028-06-17,0.0000,86.3387,16.4265,68.0426,63.8727,66.5761,169.2308,37.7086,71.0258,8.7363,308.5047,294.6168,114.6168,293.4957,113.4957
2028-06-18,0.0000,87.2936,28.7456,68.2902,63.6574,67.2835,169.3272,37.8067,71.0829,8.7493,308.4887,294.5639,114.5639,293.4462,113.4462
2028-06-19,0.0000,88.2484,41.3503,68.6145,63.4822,67.9900,169.4260,37.9037,71.1399,8.7618,308.4725,294.5109,114.5109,293.3849,113.3849
2028-06-20,0.0000,89.2031,54.2817,69.0152,63.3470,68.6956,169.5272,37.9998,71.1966,8.7737,308.4560,294.4580,114.4580,293.3209,113.3209
2028-06-21,0.0000,90.1578,67.5574,69.4914,63.2519,69.4003,169.6308,38.0948,71.2532,8.7851,308.4392,294.4050,114.4050,293.2632,113.2632
2028-06-22,0.0000,91.1124,81.1692,70.0425,63.1963,70.1042,169.7367,38.1887,71.3095,8.7961,308.4221,294.3521,114.3521,293.2194,113.2194
2028-06-23,0.0000,92.0668,95.0827,70.6674,63.1799,70.8071,169.8449,38.2816,71.3656,8.8064,308.4047,294.2991,114.2991,293.1942,113.1942
2028-06-24,0.0000,93.0212,109.2404,71.3651,63.2018,71.5090,169.9554,38.3734,71.4214,8.8163,308.3870,294.2462,114.2462,293.1884,113.1884
2028-06-25,0.0000,93.9755,123.5697,72.1344,63.2616,72.2100,170.0681,38.4640,71.4769,8.8256,308.3690,294.1932,114.1932,293.1994,113.1994
2028-06-26,0.0000,94.9296,137.9911,72.9742,63.3582,72.9100,170.1830,38.5535,71.5322,8.8343,308.3507,294.1403,114.1403,293.2217,113.2217
2028-06-27,0.0000,95.8835,152.4275,73.8835,63.4910,73.6090,170.3001,38.6418,71.5871,8.8425,308.3322,294.0873,114.0873,293.2483,113.2483
2028-06-28,0.0000,96.8373,166.8111,74.8613,63.6589,74.3071,170.4194,38.7289,71.6418,8.8501,308.3133,294.0343,114.0343,293.2723,113.2723
2028-06-29,0.0000,97.7910,181.0867,75.9066,63.8612,75.0042,170.5408,38.8148,71.6961,8.8572,308.2942,293.9814,113.9814,293.2883,113.2883
2028-06-30,0.0000,98.7445,195.2125,77.0185,64.0969,75.7003,170.6643,38.8995,71.7501,8.8637,308.2749,293.9284,113.9284,293.2930,113.2930
2028-07-01,0.0000,99.6979,209.1581,78.1963,64.3649,76.3955,170.7898,38.9830,71.8038,8.8697,308.2553,293.8755,113.8755,293.2861,113.2861
2028-07-02,0.0000,100.6511,222.9019,79.4389,64.6645,77.0898,170.9174,39.0654,71.8571,8.8752,308.2355,293.8225,113.8225,293.2699,113.2699
2028-07-03,0.0000,101.6044,236.4285,80.7458,64.9946,77.7831,171.0471,39.1464,71.9101,8.8802,308.2155,293.7696,113.7696,293.2484,113.2484
2028-07-04,0.0000,102.5575,249.7272,82.1160,65.3543,78.4755,171.1787,39.2263,71.9628,8.8846,308.1953,293.7166,113.7166,293.2263,113.2263
2028-07-05,0.0000,103.5106,262.7917,83.5488,65.7426,79.1670,171.3123,39.3048,72.0151,8.8885,308.1749,293.6637,113.6637,293.2081,113.2081
2028-07-06,0.0000,104.4637,275.6209,85.0431,66.1586,79.8576,171.4479,39.3821,72.0671,8.8918,308.1543,293.6107,113.6107,293.1968,113.1968
2028-07-07,0.0000,105.4168,288.2203,86.5981,66.6013,80.5472,171.5853,39.4581,72.1186,8.8946,308.1335,293.5578,113.5578,293.1937,113.1937
2028-07-08,0.0000,106.3698,300.6036,88.2124,67.0697,81.2359,171.7246,39.5328,72.1698,8.8968,308.1125,293.5048,113.5048,293.1981,113.1981
2028-07-09,0.0000,107.3230,312.7942,89.8847,67.5631,81.9238,171.8657,39.6061,72.2205,8.8985,308.0913,293.4519,113.4519,293.2077,113.2077
2028-07-10,0.0000,108.2761,324.8260,91.6132,68.0804,82.6107,172.0087,39.6781,72.2708,8.8997,308.0699,293.3989,113.3989,293.2198,113.2198
2028-07-11,0.0000,109.2294,336.7431,93.3958,68.6208,83.2967,172.1535,39.7487,72.3207,8.9002,308.0484,293.3459,113.3459,293.2314,113.2314
2028-07-12,0.0000,110.1828,348.5999,95.2301,69.1834,83.9818,172.3000,39.8180,72.3701,8.9003,308.0266,293.2930,113.2930,293.2404,113.2404
2028-07-13,0.0000,111.1363,0.4596,97.1133,69.7674,84.6660,172.4483,39.8858,72.4191,8.8997,308.0047,293.2400,113.2400,293.2462,113.2462
2028-07-14,0.0000,112.0899,12.3921,99.0420,70.3721,85.3494,172.5984,39.9522,72.4676,8.8987,307.9827,293.1871,113.1871,293.2492,113.2492
2028-07-15,0.0000,113.0437,24.4715,101.0123,70.9966,86.0318,172.7502,40.0173,72.5156,8.8971,307.9605,293.1341,113.1341,293.2509,113.2509
2028-07-16,0.0000,113.9976,36.7726,103.0201,71.6401,86.7134,172.9037,40.0808,72.5633,8.8949,307.9383,293.0812,113.0812,293.2534,113.2534
2028-07-17,0.0000,114.9518,49.3655,105.0608,72.3019,87.3941,173.0589,40.1430,72.6104,8.8923,307.9159,293.0282,113.0282,293.2583,113.2583
2028-07-18,0.0000,115.9061,62.3099,107.1294,72.9814,88.0740,173.2157,40.2037,72.6570,8.8891,307.8934,292.9753,112.9753,293.2664,113.2664
2028-07-19,0.0000,116.8607,75.6473,109.2208,73.6778,88.7529,173.3742,40.2629,72.7032,8.8854,307.8708,292.9223,112.9223,293.2770,113.2770
2028-07-20,0.0000,117.8154,89.3928,111.3296,74.3904,89.4310,173.5344,40.3207,72.7488,8.8812,307.8481,292.8694,112.8694,293.2884,113.2884
2028-07-21,0.0000,118.7703,103.5286,113.4507,75.1187,90.1081,173.6961,40.3769,72.7940,8.8764,307.8254,292.8164,112.8164,293.2980,113.2980
2028-07-22,0.0000,119.7254,118.0000,115.5788,75.8619,90.7843,173.8593,40.4316,72.8386,8.8711,307.8025,292.7635,112.7635,293.3027,113.3027
2028-07-23,0.0000,120.6806,132.7174,117.7091,76.6195,91.4595,174.0241,40.4848,72.8826,8.8652,307.7796,292.7105,112.7105,293.3004,113.3004
2028-07-24,0.0000,121.6359,147.5647,119.8369,77.3909,92.1338,174.1903,40.5363,72.9260,8.8588,307.7566,292.6575,112.6575,293.2903,113.2903
2028-07-25,0.0000,122.5914,162.4150,121.9581,78.1757,92.8071,174.3580,40.5863,72.9689,8.8519,307.7335,292.6046,112.6046,293.2734,113.2734
2028-07-26,0.0000,123.5469,177.1472,124.0689,78.9732,93.4795,174.5272,40.6347,73.0111,8.8444,307.7104,292.5516,112.5516,293.2525,113.2525
2028-07-27,0.0000,124.5026,191.6621,126.1660,79.7832,94.1509,174.6977,40.6815,73.0528,8.8364,307.6872,292.4987,112.4987,293.2318,113.2318
2028-07-28,0.0000,125.4584,205.8911,128.2466,80.6051,94.8214,174.8697,40.7267,73.0939,8.8279,307.6640,292.4457,112.4457,293.2159,113.2159
2028-07-29,0.0000,126.4144,219.7986,130.3084,81.4386,95.4909,175.0431,40.7703,73.1344,8.8189,307.6408,292.3928,112.3928,293.2087,113.2087
2028-07-30,0.0000,127.3704,233.3776,132.3493,82.2832,96.1595,175.2178,40.8123,73.1744,8.8094,307.6177,292.3398,112.3398,293.2127,113.2127
2028-07-31,0.0000,128.3267,246.6424,134.3679,83.1387,96.8271,175.3938,40.8527,73.2137,8.7995,307.5945,292.2869,112.2869,293.2277,113.2277
2028-08-01,0.0000,129.2831,259.6202,136.3627,84.0046,97.4938,175.5711,40.8915,73.2524,8.7890,307.5713,292.2339,112.2339,293.2509,113.2509
2028-08-02,0.0000,130.2396,272.3443,138.3330,84.8807,98.1596,175.7497,40.9286,73.2905,8.7781,307.5482,292.1810,112.1810,293.2769,113.2769
2028-08-03,0.0000,131.1964,284.8491,140.2780,85.7666,98.8245,175.9296,40.9641,73.3279,8.7666,307.5251,292.1280,112.1280,293.2990,113.2990
2028-08-04,0.0000,132.1534,297.1673,142.1973,86.6620,99.4885,176.1106,40.9979,73.3647,8.7547,307.5020,292.0751,112.0751,293.3105,113.3105
2028-08-05,0.0000,133.1106,309.3296,144.0905,87.5666,100.1515,176.2929,41.0300,73.4008,8.7422,307.4789,292.0221,112.0221,293.3058,113.3058
2028-08-06,0.0000,134.0681,321.3650,145.9576,88.4802,100.8136,176.4763,41.0605,73.4362,8.7293,307.4559,291.9691,111.9691,293.2820,113.2820
2028-08-07,0.0000,135.0258,333.3033,147.7984,89.4023,101.4748,176.6609,41.0892,73.4709,8.7159,307.4329,291.9162,111.9162,293.2399,113.2399
2028-08-08,0.0000,135.9839,345.1769,149.6131,90.3329,102.1351,176.8465,41.1162,73.5050,8.7021,307.4100,291.8632,111.8632,293.1838,113.1838
2028-08-09,0.0000,136.9422,357.0235,151.4017,91.2716,102.7946,177.0334,41.1416,73.5384,8.6877,307.3871,291.8103,111.8103,293.1209,113.1209
2028-08-10,0.0000,137.9009,8.8877,153.1644,92.2182,103.4531,177.2213,41.1652,73.5711,8.6729,307.3643,291.7573,111.7573,293.0603,113.0603
2028-08-11,0.0000,138.8600,20.8221,154.9014,93.1724,104.1107,177.4103,41.1871,73.6031,8.6577,307.3416,291.7044,111.7044,293.0108,113.0108
2028-08-12,0.0000,139.8195,32.8870,156.6130,94.1340,104.7675,177.6003,41.2073,73.6344,8.6420,307.3191,291.6514,111.6514,292.9793,112.9793
2028-08-13,0.0000,140.7794,45.1497,158.2992,95.1028,105.4234,177.7914,41.2258,73.6650,8.6259,307.2966,291.5985,111.5985,292.9689,112.9689
2028-08-14,0.0000,141.7397,57.6809,159.9603,96.0785,106.0784,177.9836,41.2425,73.6949,8.6094,307.2742,291.5455,111.5455,292.9784,112.9784
2028-08-15,0.0000,142.7004,70.5501,161.5965,97.0610,106.7325,178.1768,41.2575,73.7240,8.5924,307.2520,291.4926,111.4926,293.0021,113.0021
2028-08-16,0.0000,143.6616,83.8180,163.2079,98.0501,107.3857,178.3709,41.2707,73.7525,8.5750,307.2299,291.4396,111.4396,293.0305,113.0305
2028-08-17,0.0000,144.6232,97.5263,164.7946,99.0454,108.0380,178.5661,41.2822,73.7802,8.5573,307.2080,291.3867,111.3867,293.0525,113.0525
2028-08-18,0.0000,145.5852,111.6865,166.3566,100.0469,108.6894,178.7621,41.2919,73.8071,8.5391,307.1862,291.3337,111.3337,293.0570,113.0570
2028-08-19,0.0000,146.5476,126.2679,167.8939,101.0542,109.3398,178.9591,41.2998,73.8333,8.5204,307.1646,291.2808,111.2808,293.0357,113.0357
2028-08-20,0.0000,147.5104,141.1905,169.4065,102.0673,109.9893,179.1570,41.3060,73.8587,8.5014,307.1430,291.2278,111.2278,292.9848,112.9848
2028-08-21,0.0000,148.4736,156.3271,170.8942,103.0859,110.6378,179.3557,41.3103,73.8833,8.4819,307.1217,291.1748,111.1748,292.9056,112.9056
2028-08-22,0.0000,149.4371,171.5176,172.3569,104.1098,111.2853,179.5552,41.3128,73.9071,8.4621,307.1005,291.1219,111.1219,292.8052,112.8052
2028-08-23,0.0000,150.4010,186.5933,173.7942,105.1390,111.9319,179.7556,41.3136,73.9301,8.4419,307.0795,291.0689,111.0689,292.6946,112.6946
2028-08-24,0.0000,151.3653,201.4053,175.2060,106.1732,112.5774,179.9568,41.3126,73.9523,8.4213,307.0587,291.0160,111.0160,292.5870,112.5870
2028-08-25,0.0000,152.3299,215.8462,176.5917,107.2124,113.2220,180.1588,41.3098,73.9737,8.4004,307.0382,290.9630,110.9630,292.4953,112.4953
2028-08-26,0.0000,153.2949,229.8592,177.9509,108.2564,113.8656,180.3615,41.3053,73.9944,8.3791,307.0178,290.9101,110.9101,292.4292,112.4292
2028-08-27,0.0000,154.2602,243.4354,179.2829,109.3052,114.5083,180.5650,41.2990,74.0142,8.3575,306.9977,290.8571,110.8571,292.3933,112.3933
2028-08-28,0.0000,155.2258,256.6027,180.5871,110.3586,115.1499,180.7691,41.2910,74.0333,8.3356,306.9778,290.8042,110.8042,292.3860,112.3860
2028-08-29,0.0000,156.1919,269.4123,181.8625,111.4165,115.7906,180.9740,41.2812,74.0516,8.3133,306.9582,290.7512,110.7512,292.3993,112.3993
2028-08-30,0.0000,157.1583,281.9265,183.1082,112.4789,116.4303,181.1795,41.2697,74.0690,8.2908,306.9388,290.6983,110.6983,292.4207,112.4207
2028-08-31,0.0000,158.1250,294.2091,184.3232,113.5455,117.0690,181.3857,41.2564,74.0856,8.2679,306.9196,290.6453,110.6453,292.4351,112.4351
2028-09-01,0.0000,159.0922,306.3196,185.5061,114.6165,117.7068,181.5924,41.2414,74.1014,8.2447,306.9007,290.5924,110.5924,292.4278,112.4278
2028-09-02,0.0000,160.0597,318.3094,186.6557,115.6915,118.3436,181.7998,41.2246,74.1163,8.2212,306.8820,290.5394,110.5394,292.3879,112.3879
2028-09-03,0.0000,161.0277,330.2212,187.7701,116.7707,118.9793,182.0077,41.2061,74.1304,8.1974,306.8636,290.4864,110.4864,292.3098,112.3098
2028-09-04,0.0000,161.9961,342.0899,188.8478,117.8539,119.6142,182.2162,41.1858,74.1437,8.1733,306.8454,290.4335,110.4335,292.1954,112.1954
2028-09-05,0.0000,162.9650,353.9449,189.8867,118.9410,120.2480,182.4252,41.1639,74.1561,8.1490,306.8276,290.3805,110.3805,292.0531,112.0531
2028-09-06,0.0000,163.9343,5.8136,190.8845,120.0319,120.8809,182.6348,41.1402,74.1676,8.1244,306.8100,290.3276,110.3276,291.8970,111.8970
2028-09-07,0.0000,164.9042,17.7247,191.8388,121.1266,121.5129,182.8449,41.1149,74.1784,8.0995,306.7928,290.2746,110.2746,291.7436,111.7436
2028-09-08,0.0000,165.8746,29.7118,192.7468,122.2251,122.1439,183.0555,41.0878,74.1883,8.0744,306.7758,290.2217,110.2217,291.6092,111.6092
2028-09-09,0.0000,166.8456,41.8165,193.6056,123.3271,122.7739,183.2666,41.0591,74.1973,8.0491,306.7591,290.1687,110.1687,291.5062,111.5062
2028-09-10,0.0000,167.8172,54.0891,194.4116,124.4328,123.4030,183.4781,41.0288,74.2056,8.0236,306.7427,290.1158,110.1158,291.4408,111.4408
2028-09-11,0.0000,168.7893,66.5887,195.1612,125.5419,124.0311,183.6901,40.9968,74.2129,7.9979,306.7268,290.0628,110.0628,291.4115,111.4115
2028-09-12,0.0000,169.7620,79.3807,195.8504,126.6544,124.6583,183.9025,40.9631,74.2195,7.9720,306.7111,290.0099,110.0099,291.4093,111.4093
2028-09-13,0.0000,170.7353,92.5309,196.4748,127.7702,125.2845,184.1154,40.9279,74.2252,7.9459,306.6958,289.9569,109.9569,291.4194,111.4194
2028-09-14,0.0000,171.7092,106.0967,197.0295,128.8893,125.9096,184.3286,40.8910,74.2300,7.9196,306.6808,289.9040,109.9040,291.4238,111.4238
2028-09-15,0.0000,172.6837,120.1146,197.5094,130.0116,126.5338,184.5422,40.8525,74.2339,7.8931,306.6661,289.8510,109.8510,291.4052,111.4052
2028-09-16,0.0000,173.6588,134.5852,197.9091,131.1369,127.1569,184.7562,40.8124,74.2370,7.8665,306.6518,289.7980,109.7980,291.3499,111.3499
2028-09-17,0.0000,174.6344,149.4590,198.2229,132.2651,127.7789,184.9704,40.7707,74.2392,7.8397,306.6378,289.7451,109.7451,291.2511,111.2511
2028-09-18,0.0000,175.6106,164.6287,198.4447,133.3963,128.3998,185.1849,40.7274,74.2405,7.8127,306.6242,289.6921,109.6921,291.1101,111.1101
2028-09-19,0.0000,176.5873,179.9361,198.5687,134.5303,129.0197,185.3997,40.6826,74.2410,7.7856,306.6110,289.6392,109.6392,290.9361,110.9361
2028-09-20,0.0000,177.5646,195.1937,198.5889,135.6671,129.6385,185.6147,40.6362,74.2405,7.7583,306.5981,289.5862,109.5862,290.7450,110.7450
2028-09-21,0.0000,178.5423,210.2186,198.4996,136.8066,130.2561,185.8300,40.5884,74.2393,7.7310,306.5856,289.5333,109.5333,290.5555,110.5555
2028-09-22,0.0000,179.5206,224.8648,198.2960,137.9488,130.8727,186.0455,40.5392,74.2371,7.7036,306.5735,289.4803,109.4803,290.3864,110.3864
2028-09-23,0.0000,180.4994,239.0434,197.9741,139.0936,131.4881,186.2613,40.4885,74.2341,7.6761,306.5618,289.4274,109.4274,290.2524,110.2524
2028-09-24,0.0000,181.4787,252.7254,197.5314,140.2409,132.1024,186.4771,40.4365,74.2303,7.6485,306.5505,289.3744,109.3744,290.1610,110.1610
2028-09-25,0.0000,182.4585,265.9325,196.9674,141.3907,132.7156,186.6932,40.3830,74.2257,7.6209,306.5397,289.3215,109.3215,290.1115,110.1115
2028-09-26,0.0000,183.4387,278.7213,196.2844,142.5430,133.3276,186.9093,40.3282,74.2201,7.5933,306.5292,289.2685,109.2685,290.0947,110.0947
2028-09-27,0.0000,184.4194,291.1674,195.4878,143.6978,133.9385,187.1255,40.2721,74.2137,7.5655,306.5191,289.2156,109.2156,290.0946,110.0946
2028-09-28,0.0000,185.4005,303.3532,194.5867,144.8549,134.5482,187.3418,40.2147,74.2065,7.5378,306.5094,289.1626,109.1626,290.0916,110.0916
2028-09-29,0.0000,186.3821,315.3585,193.5946,146.0144,135.1568,187.5582,40.1559,74.1984,7.5100,306.5001,289.1096,109.1096,290.0666,110.0666
2028-09-30,0.0000,187.3643,327.2546,192.5293,147.1762,135.7642,187.7745,40.0959,74.1895,7.4822,306.4913,289.0567,109.0567,290.0041,110.0041
2028-10-01,0.0000,188.3469,339.1017,191.4130,148.3403,136.3704,187.9908,40.0347,74.1797,7.4543,306.4829,289.0037,109.0037,289.8959,109.8959
2028-10-02,0.0000,189.3300,350.9473,190.2714,149.5067,136.9755,188.2072,39.9723,74.1690,7.4265,306.4749,288.9508,108.9508,289.7426,109.7426
2028-10-03,0.0000,190.3137,2.8272,189.1335,150.6753,137.5794,188.4235,39.9088,74.1576,7.3987,306.4673,288.8978,108.8978,289.5533,109.5533
2028-10-04,0.0000,191.2980,14.7677,188.0297,151.8461,138.1822,188.6398,39.8441,74.1453,7.3709,306.4601,288.8449,108.8449,289.3442,109.3442
2028-10-05,0.0000,192.2828,26.7893,186.9907,153.0192,138.7838,188.8561,39.7784,74.1322,7.3432,306.4533,288.7919,108.7919,289.1353,109.1353
2028-10-06,0.0000,193.2682,38.9107,186.0456,154.1944,139.3842,189.0723,39.7115,74.1184,7.3156,306.4471,288.7390,108.7390,288.9466,108.9466
2028-10-07,0.0000,194.2542,51.1538,185.2209,155.3717,139.9834,189.2885,39.6437,74.1037,7.2880,306.4413,288.6860,108.6860,288.7941,108.7941
2028-10-08,0.0000,195.2409,63.5470,184.5389,156.5511,140.5815,189.5045,39.5749,74.0882,7.2605,306.4359,288.6331,108.6331,288.6867,108.6867
2028-10-09,0.0000,196.2282,76.1282,184.0171,157.7326,141.1784,189.7204,39.5052,74.0719,7.2331,306.4310,288.5801,108.5801,288.6244,108.6244
2028-10-10,0.0000,197.2161,88.9443,183.6677,158.9161,141.7740,189.9362,39.4345,74.0549,7.2058,306.4266,288.5272,108.5272,288.5986,108.5986
2028-10-11,0.0000,198.2047,102.0488,183.4978,160.1015,142.3684,190.1518,39.3629,74.0370,7.1786,306.4225,288.4742,108.4742,288.5935,108.5935
2028-10-12,0.0000,199.1939,115.4954,183.5093,161.2889,142.9616,190.3672,39.2905,74.0184,7.1515,306.4190,288.4212,108.4212,288.5890,108.5890
2028-10-13,0.0000,200.1837,129.3275,183.7000,162.4782,143.5534,190.5824,39.2172,73.9990,7.1245,306.4159,288.3683,108.3683,288.5653,108.5653
2028-10-14,0.0000,201.1742,143.5647,184.0637,163.6693,144.1439,190.7974,39.1432,73.9788,7.0976,306.4133,288.3153,108.3153,288.5062,108.5062
2028-10-15,0.0000,202.1653,158.1874,184.5916,164.8621,144.7331,191.0121,39.0684,73.9578,7.0709,306.4111,288.2624,108.2624,288.4025,108.4025
2028-10-16,0.0000,203.1571,173.1251,185.2725,166.0567,145.3209,191.2265,38.9928,73.9361,7.0443,306.4093,288.2094,108.2094,288.2538,108.2538
2028-10-17,0.0000,204.1494,188.2542,186.0940,167.2530,145.9074,191.4406,38.9166,73.9136,7.0179,306.4080,288.1565,108.1565,288.0684,108.0684
2028-10-18,0.0000,205.1423,203.4102,187.0427,168.4509,146.4924,191.6544,38.8398,73.8904,6.9917,306.4072,288.1035,108.1035,287.8618,107.8618
2028-10-19,0.0000,206.1358,218.4148,188.1051,169.6505,147.0760,191.8678,38.7625,73.8664,6.9657,306.4069,288.0506,108.0506,287.6539,107.6539
2028-10-20,0.0000,207.1299,233.1084,189.2680,170.8516,147.6581,192.0809,38.6846,73.8418,6.9399,306.4071,287.9976,107.9976,287.4646,107.4646
2028-10-21,0.0000,208.1245,247.3767,190.5184,172.0542,148.2388,192.2935,38.6063,73.8165,6.9143,306.4077,287.9447,107.9447,287.3101,107.3101
2028-10-22,0.0000,209.1196,261.1626,191.8445,173.2583,148.8180,192.5058,38.5276,73.7905,6.8890,306.4089,287.8917,107.8917,287.2001,107.2001
2028-10-23,0.0000,210.1152,274.4642,193.2350,174.4638,149.3957,192.7176,38.4485,73.7638,6.8639,306.4104,287.8388,107.8388,287.1356,107.1356
2028-10-24,0.0000,211.1113,287.3226,194.6801,175.6708,149.9718,192.9289,38.3690,73.7364,6.8390,306.4125,287.7858,107.7858,287.1090,107.1090
2028-10-25,0.0000,212.1078,299.8072,196.1707,176.8791,150.5464,193.1397,38.2892,73.7084,6.8145,306.4151,287.7329,107.7329,287.1055,107.1055
2028-10-26,0.0000,213.1048,312.0023,197.6988,178.0888,151.1195,193.3500,38.2092,73.6797,6.7901,306.4181,287.6799,107.6799,287.1061,107.1061
2028-10-27,0.0000,214.1022,323.9964,199.2575,179.2998,151.6909,193.5597,38.1290,73.6504,6.7660,306.4216,287.6269,107.6269,287.0916,107.0916
2028-10-28,0.0000,215.1001,335.8741,200.8407,180.5121,152.2608,193.7689,38.0486,73.6204,6.7422,306.4255,287.5740,107.5740,287.0459,107.0459
2028-10-29,0.0000,216.0985,347.7115,202.4433,181.7257,152.8291,193.9774,37.9680,73.5898,6.7187,306.4299,287.5210,107.5210,286.9595,106.9595
2028-10-30,0.0000,217.0973,359.5725,204.0607,182.9407,153.3957,194.1853,37.8874,73.5586,6.6955,306.4347,287.4681,107.4681,286.8312,106.8312
2028-10-31,0.0000,218.0966,11.5074,205.6892,184.1568,153.9608,194.3927,37.8068,73.5269,6.6726,306.4401,287.4151,107.4151,286.6681,106.6681
2028-11-01,0.0000,219.0964,23.5524,207.3257,185.3743,154.5242,194.5993,37.7261,73.4945,6.6500,306.4459,287.3622,107.3622,286.4840,106.4840
2028-11-02,0.0000,220.0967,35.7311,208.9674,186.5929,155.0860,194.8053,37.6456,73.4617,6.6278,306.4522,287.3092,107.3092,286.2972,106.2972
2028-11-03,0.0000,221.0976,48.0575,210.6122,187.8128,155.6461,195.0107,37.5652,73.4282,6.6059,306.4590,287.2563,107.2563,286.1262,106.1262
2028-11-04,0.0000,222.0990,60.5401,212.2582,189.0339,156.2046,195.2153,37.4849,73.3943,6.5844,306.4662,287.2033,107.2033,285.9865,105.9865
2028-11-05,0.0000,223.1009,73.1867,213.9041,190.2562,156.7613,195.4192,37.4048,73.3599,6.5633,306.4739,287.1504,107.1504,285.8877,105.8877
2028-11-06,0.0000,224.1034,86.0087,215.5485,191.4797,157.3164,195.6223,37.3250,73.3249,6.5425,306.4821,287.0974,107.0974,285.8315,105.8315
2028-11-07,0.0000,225.1064,99.0242,217.1905,192.7043,157.8696,195.8247,37.2454,73.2895,6.5221,306.4908,287.0445,107.0445,285.8116,105.8116
2028-11-08,0.0000,226.1100,112.2584,218.8293,193.9299,158.4211,196.0263,37.1661,73.2536,6.5021,306.4999,286.9915,106.9915,285.8151,105.8151
2028-11-09,0.0000,227.1141,125.7404,220.4645,195.1567,158.9707,196.2270,37.0872,73.2172,6.4824,306.5095,286.9385,106.9385,285.8253,105.8253
2028-11-10,0.0000,228.1188,139.4974,222.0955,196.3845,159.5184,196.4269,37.0087,73.1804,6.4631,306.5196,286.8856,106.8856,285.8247,105.8247
2028-11-11,0.0000,229.1241,153.5447,223.7221,197.6133,160.0642,196.6259,36.9307,73.1431,6.4443,306.5300,286.8326,106.8326,285.7988,105.7988
2028-11-12,0.0000,230.1299,167.8746,225.3441,198.8431,160.6081,196.8240,36.8531,73.1054,6.4258,306.5409,286.7797,106.7797,285.7384,105.7384
2028-11-13,0.0000,231.1362,182.4462,226.9613,200.0739,161.1499,197.0211,36.7761,73.0672,6.4078,306.5523,286.7267,106.7267,285.6419,105.6419
2028-11-14,0.0000,232.1431,197.1800,228.5739,201.3056,161.6897,197.2172,36.6996,73.0287,6.3901,306.5641,286.6738,106.6738,285.5146,105.5146
2028-11-15,0.0000,233.1504,211.9621,230.1817,202.5381,162.2274,197.4124,36.6238,72.9899,6.3730,306.5764,286.6208,106.6208,285.3684,105.3684
2028-11-16,0.0000,234.1583,226.6586,231.7849,203.7715,162.7631,197.6066,36.5487,72.9507,6.3563,306.5892,286.5679,106.5679,285.2186,105.2186
2028-11-17,0.0000,235.1667,241.1369,233.3836,205.0058,163.2965,197.7998,36.4744,72.9112,6.3401,306.6024,286.5149,106.5149,285.0812,105.0812
2028-11-18,0.0000,236.1755,255.2878,234.9779,206.2408,163.8278,197.9919,36.4008,72.8713,6.3243,306.6160,286.4620,106.4620,284.9699,104.9699
2028-11-19,0.0000,237.1847,269.0404,236.5681,207.4766,164.3568,198.1828,36.3280,72.8312,6.3090,306.6302,286.4090,106.4090,284.8929,104.8929
2028-11-20,0.0000,238.1943,282.3678,238.1543,208.7130,164.8835,198.3727,36.2561,72.7909,6.2942,306.6447,286.3561,106.3561,284.8524,104.8524
2028-11-21,0.0000,239.2042,295.2840,239.7368,209.9502,165.4079,198.5613,36.1851,72.7502,6.2799,306.6597,286.3031,106.3031,284.8434,104.8434
2028-11-22,0.0000,240.2144,307.8348,241.3158,211.1880,165.9299,198.7488,36.1150,72.7093,6.2661,306.6751,286.2501,106.2501,284.8557,104.8557
2028-11-23,0.0000,241.2250,320.0882,242.8915,212.4264,166.4495,198.9350,36.0459,72.6682,6.2527,306.6909,286.1972,106.1972,284.8756,104.8756
2028-11-24,0.0000,242.2359,332.1244,244.4642,213.6655,166.9666,199.1200,35.9778,72.6268,6.2398,306.7071,286.1442,106.1442,284.8887,104.8887
2028-11-25,0.0000,243.2470,344.0288,246.0341,214.9051,167.4813,199.3037,35.9107,72.5853,6.2274,306.7237,286.0913,106.0913,284.8829,104.8829
2028-11-26,0.0000,244.2585,355.8848,247.6017,216.1454,167.9935,199.4861,35.8447,72.5436,6.2156,306.7407,286.0383,106.0383,284.8506,104.8506
2028-11-27,0.0000,245.2703,7.7699,249.1670,217.3862,168.5032,199.6672,35.7798,72.5017,6.2042,306.7582,285.9854,105.9854,284.7899,104.7899
2028-11-28,0.0000,246.2824,19.7514,250.7304,218.6276,169.0103,199.8469,35.7161,72.4598,6.1934,306.7761,285.9324,105.9324,284.7048,104.7048
2028-11-29,0.0000,247.2948,31.8840,252.2921,219.8696,169.5149,200.0253,35.6536,72.4177,6.1831,306.7943,285.8795,105.8795,284.6044,104.6044
2028-11-30,0.0000,248.3075,44.2072,253.8523,221.1122,170.0167,200.2023,35.5924,72.3755,6.1733,306.8129,285.8265,105.8265,284.5005,104.5005
2028-12-01,0.0000,249.3205,56.7452,255.4113,222.3553,170.5160,200.3779,35.5324,72.3333,6.1641,306.8320,285.7736,105.7736,284.4055,104.4055
2028-12-02,0.0000,250.3339,69.5076,256.9692,223.5989,171.0125,200.5521,35.4737,72.2911,6.1554,306.8514,285.7206,105.7206,284.3298,104.3298
2028-12-03,0.0000,251.3475,82.4920,258.5262,224.8431,171.5062,200.7248,35.4163,72.2488,6.1473,306.8713,285.6677,105.6677,284.2799,104.2799
2028-12-04,0.0000,252.3615,95.6877,260.0824,226.0878,171.9971,200.8961,35.3602,72.2065,6.1397,306.8915,285.6147,105.6147,284.2575,104.2575
2028-12-05,0.0000,253.3759,109.0803,261.6380,227.3330,172.4852,201.0658,35.3056,72.1642,6.1327,306.9121,285.5617,105.5617,284.2590,104.2590
2028-12-06,0.0000,254.3906,122.6553,263.1929,228.5788,172.9703,201.2339,35.2523,72.1219,6.1262,306.9331,285.5088,105.5088,284.2769,104.2769
2028-12-07,0.0000,255.4056,136.3999,264.7472,229.8250,173.4523,201.4005,35.2004,72.0796,6.1203,306.9544,285.4558,105.4558,284.3012,104.3012
2028-12-08,0.0000,256.4209,150.3026,266.3008,231.0716,173.9313,201.5654,35.1499,72.0374,6.1149,306.9760,285.4029,105.4029,284.3216,104.3216
2028-12-09,0.0000,257.4366,164.3501,267.8537,232.3187,174.4071,201.7286,35.1010,71.9952,6.1100,306.9980,285.3499,105.3499,284.3295,104.3295
2028-12-10,0.0000,258.4526,178.5227,269.4055,233.5663,174.8797,201.8902,35.0535,71.9531,6.1057,307.0203,285.2970,105.2970,284.3196,104.3196
2028-12-11,0.0000,259.4690,192.7887,270.9561,234.8142,175.3490,202.0501,35.0076,71.9112,6.1020,307.0430,285.2440,105.2440,284.2906,104.2906
2028-12-12,0.0000,260.4857,207.1012,272.5051,236.0626,175.8150,202.2083,34.9632,71.8693,6.0988,307.0661,285.1911,105.1911,284.2455,104.2455
2028-12-13,0.0000,261.5027,221.3978,274.0519,237.3114,176.2774,202.3647,34.9205,71.8277,6.0962,307.0894,285.1381,105.1381,284.1903,104.1903
2028-12-14,0.0000,262.5200,235.6047,275.5959,238.5605,176.7364,202.5194,34.8793,71.7862,6.0943,307.1131,285.0852,105.0852,284.1328,104.1328
2028-12-15,0.0000,263.5376,249.6446,277.1363,239.8099,177.1917,202.6722,34.8399,71.7449,6.0929,307.1372,285.0322,105.0322,284.0811,104.0811
2028-12-16,0.0000,264.5554,263.4471,278.6720,241.0597,177.6434,202.8231,34.8021,71.7038,6.0921,307.1616,284.9793,104.9793,284.0414,104.0414
2028-12-17,0.0000,265.5733,276.9580,280.2018,242.3097,178.0912,202.9722,34.7660,71.6630,6.0919,307.1863,284.9263,104.9263,284.0176,104.0176
2028-12-18,0.0000,266.5915,290.1461,281.7243,243.5600,178.5352,203.1193,34.7315,71.6224,6.0923,307.2112,284.8733,104.8733,284.0102,104.0102
2028-12-19,0.0000,267.6098,303.0059,283.2376,244.8105,178.9752,203.2644,34.6988,71.5820,6.0932,307.2365,284.8204,104.8204,284.0167,104.0167
2028-12-20,0.0000,268.6281,315.5568,284.7397,246.0612,179.4112,203.4075,34.6678,71.5419,6.0947,307.2620,284.7674,104.7674,284.0321,104.0321
2028-12-21,0.0000,269.6466,327.8399,286.2279,247.3121,179.8431,203.5486,34.6385,71.5021,6.0968,307.2878,284.7145,104.7145,284.0507,104.0507
2028-12-22,0.0000,270.6651,339.9134,287.6995,248.5631,180.2709,203.6876,34.6110,71.4627,6.0994,307.3139,284.6615,104.6615,284.0667,104.0667
2028-12-23,0.0000,271.6837,351.8475,289.1509,249.8143,180.6944,203.8246,34.5853,71.4235,6.1027,307.3403,284.6086,104.6086,284.0760,104.0760
2028-12-24,0.0000,272.7023,3.7195,290.5780,251.0657,181.1135,203.9594,34.5613,71.3848,6.1065,307.3669,284.5556,104.5556,284.0762,104.0762
2028-12-25,0.0000,273.7209,15.6095,291.9762,252.3173,181.5283,204.0921,34.5392,71.3464,6.1109,307.3937,284.5027,104.5027,284.0677,104.0677
2028-12-26,0.0000,274.7396,27.5959,293.3398,253.5690,181.9386,204.2227,34.5188,71.3084,6.1159,307.4208,284.4497,104.4497,284.0524,104.0524
2028-12-27,0.0000,275.7583,39.7510,294.6625,254.8209,182.3444,204.3511,34.5003,71.2708,6.1215,307.4482,284.3968,104.3968,284.0338,104.0338
2028-12-28,0.0000,276.7771,52.1372,295.9368,256.0729,182.7455,204.4772,34.4837,71.2336,6.1276,307.4758,284.3438,104.3438,284.0155,104.0155
2028-12-29,0.0000,277.7958,64.8019,297.1545,257.3250,183.1419,204.6012,34.4689,71.1969,6.1344,307.5036,284.2909,104.2909,284.0007,104.0007
2028-12-30,0.0000,278.8146,77.7741,298.3059,258.5774,183.5335,204.7229,34.4559,71.1607,6.1417,307.5317,284.2379,104.2379,283.9911,103.9911
2028-12-31,0.0000,279.8334,91.0611,299.3803,259.8298,183.9202,204.8423,34.4448,71.1250,6.1497,307.5600,284.1850,104.1850,283.9869,103.9869
2029-01-01,0.0000,280.8523,104.6476,300.3656,261.0825,184.3019,204.9594,34.4355,71.0897,6.1582,307.5885,284.1320,104.1320,283.9869,103.9869
2029-01-02,0.0000,281.8711,118.4970,301.2488,262.3352,184.6784,205.0741,34.4281,71.0549,6.1672,307.6172,284.0790,104.0790,283.9890,103.9890
2029-01-03,0.0000,282.8900,132.5556,302.0158,263.5881,185.0496,205.1864,34.4225,71.0206,6.1768,307.6461,284.0261,104.0261,283.9909,103.9909
2029-01-04,0.0000,283.9089,146.7591,302.6517,264.8411,185.4155,205.2964,34.4187,70.9869,6.1870,307.6752,283.9731,103.9731,283.9908,103.9908
2029-01-05,0.0000,284.9279,161.0402,303.1413,266.0942,185.7758,205.4038,34.4168,70.9536,6.1977,307.7044,283.9202,103.9202,283.9879,103.9879
2029-01-06,0.0000,285.9469,175.3352,303.4699,267.3475,186.1305,205.5088,34.4168,70.9210,6.2090,307.7338,283.8672,103.8672,283.9827,103.9827
2029-01-07,0.0000,286.9659,189.5893,303.6236,268.6009,186.4794,205.6113,34.4186,70.8888,6.2209,307.7633,283.8143,103.8143,283.9770,103.9770
2029-01-08,0.0000,287.9850,203.7581,303.5911,269.8545,186.8224,205.7113,34.4223,70.8573,6.2333,307.7930,283.7613,103.7613,283.9727,103.9727
2029-01-09,0.0000,289.0042,217.8074,303.3642,271.1081,187.1593,205.8087,34.4279,70.8264,6.2462,307.8229,283.7084,103.7084,283.9720,103.9720
2029-01-10,0.0000,290.0234,231.7107,302.9399,272.3619,187.4900,205.9035,34.4353,70.7961,6.2598,307.8530,283.6554,103.6554,283.9758,103.9758
2029-01-11,0.0000,291.0426,245.4463,302.3212,273.6158,187.8143,205.9957,34.4447,70.7665,6.2739,307.8832,283.6025,103.6025,283.9840,103.9840
2029-01-12,0.0000,292.0619,258.9948,301.5182,274.8698,188.1321,206.0852,34.4560,70.7375,6.2886,307.9136,283.5495,103.5495,283.9947,103.9947
2029-01-13,0.0000,293.0810,272.3387,300.5493,276.1239,188.4432,206.1721,34.4691,70.7092,6.3038,307.9440,283.4966,103.4966,284.0048,104.0048
2029-01-14,0.0000,294.1001,285.4629,299.4404,277.3779,188.7475,206.2562,34.4841,70.6816,6.3196,307.9746,283.4436,103.4436,284.0104,104.0104
2029-01-15,0.0000,295.1191,298.3573,298.2248,278.6320,189.0448,206.3376,34.5010,70.6546,6.3359,308.0053,283.3906,103.3906,284.0081,104.0081
2029-01-16,0.0000,296.1379,311.0189,296.9405,279.8861,189.3349,206.4162,34.5197,70.6283,6.3527,308.0360,283.3377,103.3377,283.9956,103.9956
2029-01-17,0.0000,297.1566,323.4553,295.6286,281.1401,189.6178,206.4920,34.5403,70.6027,6.3700,308.0669,283.2847,103.2847,283.9725,103.9725
2029-01-18,0.0000,298.1751,335.6866,294.3300,282.3941,189.8932,206.5650,34.5627,70.5778,6.3879,308.0978,283.2318,103.2318,283.9409,103.9409
2029-01-19,0.0000,299.1934,347.7464,293.0827,283.6481,190.1611,206.6351,34.5869,70.5536,6.4062,308.1288,283.1788,103.1788,283.9047,103.9047
2029-01-20,0.0000,300.2114,359.6815,291.9201,284.9020,190.4212,206.7024,34.6130,70.5302,6.4251,308.1599,283.1259,103.1259,283.8696,103.8696
2029-01-21,0.0000,301.2293,11.5509,290.8689,286.1559,190.6734,206.7667,34.6409,70.5075,6.4445,308.1910,283.0729,103.0729,283.8411,103.8411
2029-01-22,0.0000,302.2468,23.4235,289.9490,287.4098,190.9177,206.8282,34.6707,70.4856,6.4644,308.2221,283.0200,103.0200,283.8241,103.8241
2029-01-23,0.0000,303.2642,35.3756,289.1735,288.6635,191.1537,206.8868,34.7022,70.4645,6.4848,308.2534,282.9670,102.9670,283.8209,103.8209
2029-01-24,0.0000,304.2812,47.4869,288.5492,289.9173,191.3815,206.9424,34.7356,70.4442,6.5057,308.2847,282.9141,102.9141,283.8311,103.8311
2029-01-25,0.0000,305.2980,59.8359,288.0778,291.1709,191.6007,206.9951,34.7708,70.4246,6.5271,308.3160,282.8611,102.8611,283.8509,103.8509
2029-01-26,0.0000,306.3145,72.4946,287.7571,292.4246,191.8114,207.0448,34.8077,70.4059,6.5490,308.3473,282.8082,102.8082,283.8737,103.8737
2029-01-27,0.0000,307.3307,85.5205,287.5818,293.6781,192.0132,207.0916,34.8465,70.3879,6.5714,308.3787,282.7552,102.7552,283.8918,103.8918
2029-01-28,0.0000,308.3466,98.9490,287.5445,294.9316,192.2060,207.1353,34.8869,70.3708,6.5942,308.4100,282.7022,102.7022,283.8970,103.8970
2029-01-29,0.0000,309.3623,112.7846,287.6368,296.1850,192.3897,207.1760,34.9292,70.3545,6.6176,308.4414,282.6493,102.6493,283.8833,103.8833
2029-01-30,0.0000,310.3776,126.9943,287.8497,297.4384,192.5640,207.2137,34.9731,70.3390,6.6413,308.4728,282.5963,102.5963,283.8477,103.8477
2029-01-31,0.0000,311.3926,141.5060,288.1738,298.6917,192.7288,207.2483,35.0187,70.3243,6.6655,308.5041,282.5434,102.5434,283.7911,103.7911
2029-02-01,0.0000,312.4073,156.2141,288.6002,299.9449,192.8838,207.2799,35.0660,70.3104,6.6902,308.5354,282.4904,102.4904,283.7187,103.7187
2029-02-02,0.0000,313.4218,170.9931,289.1202,301.1981,193.0289,207.3083,35.1150,70.2974,6.7152,308.5666,282.4375,102.4375,283.6389,103.6389
2029-02-03,0.0000,314.4361,185.7164,289.7257,302.4512,193.1639,207.3336,35.1656,70.2851,6.7407,308.5978,282.3845,102.3845,283.5620,103.5620
2029-02-04,0.0000,315.4501,200.2750,290.4092,303.7043,193.2885,207.3559,35.2180,70.2738,6.7667,308.6290,282.3316,102.3316,283.4977,103.4977
2029-02-05,0.0000,316.4639,214.5907,291.1639,304.9574,193.4026,207.3750,35.2719,70.2633,6.7930,308.6601,282.2786,102.2786,283.4538,103.4538
2029-02-06,0.0000,317.4775,228.6203,291.9835,306.2105,193.5060,207.3910,35.3276,70.2536,6.8198,308.6912,282.2257,102.2257,283.4335,103.4335
2029-02-07,0.0000,318.4908,242.3519,292.8622,307.4635,193.5983,207.4039,35.3849,70.2449,6.8471,308.7223,282.1727,102.1727,283.4355,103.4355
2029-02-08,0.0000,319.5039,255.7966,293.7950,308.7165,193.6795,207.4136,35.4438,70.2370,6.8747,308.7532,282.1198,102.1198,283.4533,103.4533
2029-02-09,0.0000,320.5167,268.9788,294.7773,309.9694,193.7494,207.4201,35.5043,70.2300,6.9028,308.7841,282.0668,102.0668,283.4764,103.4764
2029-02-10,0.0000,321.5293,281.9272,295.8051,311.2223,193.8077,207.4234,35.5663,70.2239,6.9312,308.8149,282.0138,102.0138,283.4925,103.4925
2029-02-11,0.0000,322.5415,294.6694,296.8747,312.4750,193.8542,207.4236,35.6300,70.2186,6.9601,308.8456,281.9609,101.9609,283.4897,103.4897
2029-02-12,0.0000,323.5533,307.2281,297.9828,313.7276,193.8889,207.4205,35.6952,70.2142,6.9892,308.8762,281.9079,101.9079,283.4589,103.4589
2029-02-13,0.0000,324.5648,319.6214,299.1266,314.9801,193.9115,207.4143,35.7619,70.2107,7.0188,308.9067,281.8550,101.8550,283.3961,103.3961
2029-02-14,0.0000,325.5759,331.8643,300.3035,316.2325,193.9219,207.4048,35.8302,70.2081,7.0487,308.9370,281.8020,101.8020,283.3029,103.3029
2029-02-15,0.0000,326.5866,343.9722,301.5114,317.4847,193.9199,207.3922,35.8999,70.2064,7.0789,308.9672,281.7491,101.7491,283.1868,103.1868
2029-02-16,0.0000,327.5969,355.9650,302.7483,318.7367,193.9056,207.3764,35.9711,70.2055,7.1095,308.9972,281.6961,101.6961,283.0598,103.0598
2029-02-17,0.0000,328.6067,7.8703,304.0124,319.9886,193.8787,207.3574,36.0438,70.2056,7.1405,309.0272,281.6432,101.6432,282.9362,102.9362
2029-02-18,0.0000,329.6160,19.7261,305.3023,321.2403,193.8391,207.3353,36.1180,70.2065,7.1717,309.0569,281.5902,101.5902,282.8297,102.8297
2029-02-19,0.0000,330.6249,31.5825,306.6165,322.4919,193.7869,207.3100,36.1935,70.2083,7.2034,309.0866,281.5373,101.5373,282.7508,102.7508
2029-02-20,0.0000,331.6333,43.5014,307.9540,323.7432,193.7218,207.2816,36.2705,70.2111,7.2353,309.1160,281.4843,101.4843,282.7043,102.7043
2029-02-21,0.0000,332.6412,55.5554,309.3138,324.9944,193.6439,207.2502,36.3490,70.2148,7.2675,309.1453,281.4314,101.4314,282.6885,102.6885
2029-02-22,0.0000,333.6486,67.8246,310.6950,326.2454,193.5532,207.2156,36.4287,70.2193,7.3001,309.1744,281.3784,101.3784,282.6950,102.6950
2029-02-23,0.0000,334.6555,80.3919,312.0969,327.4961,193.4496,207.1780,36.5099,70.2248,7.3329,309.2034,281.3254,101.3254,282.7103,102.7103
2029-02-24,0.0000,335.6619,93.3357,313.5188,328.7467,193.3330,207.1374,36.5924,70.2311,7.3661,309.2322,281.2725,101.2725,282.7186,102.7186
2029-02-25,0.0000,336.6677,106.7199,314.9602,329.9970,193.2035,207.0937,36.6762,70.2383,7.3995,309.2608,281.2195,101.2195,282.7045,102.7045
2029-02-26,0.0000,337.6729,120.5806,316.4207,331.2472,193.0612,207.0470,36.7612,70.2465,7.4332,309.2892,281.1666,101.1666,282.6563,102.6563
2029-02-27,0.0000,338.6777,134.9127,317.8999,332.4971,192.9059,206.9974,36.8476,70.2554,7.4671,309.3173,281.1136,101.1136,282.5683,102.5683
2029-02-28,0.0000,339.6819,149.6580,319.3977,333.7468,192.7379,206.9448,36.9352,70.2653,7.5013,309.3452,281.0607,101.0607,282.4423,102.4423
2029-03-01,0.0000,340.6855,164.7027,320.9137,334.9962,192.5571,206.8892,37.0240,70.2760,7.5356,309.3728,281.0077,101.0077,282.2872,102.2872
2029-03-02,0.0000,341.6887,179.8885,322.4479,336.2455,192.3636,206.8307,37.1140,70.2875,7.5703,309.4003,280.9548,100.9548,282.1177,102.1177
2029-03-03,0.0000,342.6915,195.0372,324.0002,337.4946,192.1576,206.7693,37.2052,70.2999,7.6051,309.4275,280.9018,100.9018,281.9512,101.9512
2029-03-04,0.0000,343.6937,209.9827,325.5706,338.7435,191.9391,206.7052,37.2976,70.3133,7.6402,309.4545,280.8489,100.8489,281.8044,101.8044
2029-03-05,0.0000,344.6956,224.5984,327.1590,339.9923,191.7084,206.6382,37.3912,70.3274,7.6755,309.4812,280.7959,100.7959,281.6905,101.6905
2029-03-06,0.0000,345.6971,238.8110,328.7657,341.2409,191.4656,206.5685,37.4859,70.3425,7.7110,309.5077,280.7430,100.7430,281.6160,101.6160
2029-03-07,0.0000,346.6981,252.5996,330.3906,342.4894,191.2109,206.4960,37.5819,70.3584,7.7468,309.5339,280.6900,100.6900,281.5792,101.5792
2029-03-08,0.0000,347.6987,265.9844,332.0338,343.7377,190.9446,206.4208,37.6789,70.3752,7.7827,309.5599,280.6371,100.6371,281.5710,101.5710
2029-03-09,0.0000,348.6989,279.0117,333.6955,344.9858,190.6670,206.3430,37.7770,70.3929,7.8188,309.5857,280.5841,100.5841,281.5760,101.5760
2029-03-10,0.0000,349.6986,291.7401,335.3759,346.2337,190.3784,206.2626,37.8762,70.4114,7.8551,309.6111,280.5311,100.5311,281.5758,101.5758
2029-03-11,0.0000,350.6978,304.2290,337.0751,347.4815,190.0792,206.1795,37.9764,70.4307,7.8915,309.6363,280.4782,100.4782,281.5523,101.5523
2029-03-12,0.0000,351.6966,316.5322,338.7934,348.7289,189.7699,206.0940,38.0777,70.4508,7.9281,309.6611,280.4252,100.4252,281.4915,101.4915
2029-03-13,0.0000,352.6948,328.6938,340.5309,349.9762,189.4509,206.0059,38.1800,70.4718,7.9648,309.6856,280.3723,100.3723,281.3864,101.3864
2029-03-14,0.0000,353.6925,340.7480,342.2879,351.2232,189.1226,205.9155,38.2833,70.4936,8.0016,309.7098,280.3193,100.3193,281.2382,101.2382
2029-03-15,0.0000,354.6897,352.7206,344.0645,352.4700,188.7857,205.8227,38.3875,70.5162,8.0386,309.7337,280.2664,100.2664,281.0564,101.0564
2029-03-16,0.0000,355.6864,4.6328,345.8610,353.7165,188.4407,205.7276,38.4927,70.5396,8.0757,309.7573,280.2134,100.2134,280.8569,100.8569
2029-03-17,0.0000,356.6825,16.5050,347.6775,354.9627,188.0882,205.6302,38.5989,70.5638,8.1129,309.7806,280.1605,100.1605,280.6593,100.6593
2029-03-18,0.0000,357.6780,28.3619,349.5142,356.2087,187.7289,205.5307,38.7060,70.5889,8.1502,309.8035,280.1075,100.1075,280.4825,100.4825
2029-03-19,0.0000,358.6730,40.2362,351.3711,357.4544,187.3634,205.4292,38.8140,70.6148,8.1876,309.8261,280.0546,100.0546,280.3415,100.3415
2029-03-20,0.0000,359.6673,52.1715,353.2482,358.6998,186.9923,205.3256,38.9229,70.6414,8.2251,309.8484,280.0016,100.0016,280.2443,100.2443
2029-03-21,0.0000,0.6611,64.2237,355.1455,359.9450,186.6164,205.2201,39.0326,70.6689,8.2627,309.8704,279.9487,99.9487,280.1902,100.1902
2029-03-22,0.0000,1.6542,76.4606,357.0626,1.1898,186.2364,205.1128,39.1432,70.6971,8.3004,309.8921,279.8957,99.8957,280.1697,100.1697
2029-03-23,0.0000,2.6467,88.9589,358.9992,2.4343,185.8531,205.0036,39.2546,70.7261,8.3381,309.9134,279.8427,99.8427,280.1669,100.1669
2029-03-24,0.0000,3.6386,101.7990,0.9549,3.6786,185.4671,204.8927,39.3669,70.7559,8.3759,309.9343,279.7898,99.7898,280.1618,100.1618
2029-03-25,0.0000,4.6298,115.0559,2.9288,4.9224,185.0791,204.7802,39.4798,70.7864,8.4137,309.9548,279.7368,99.7368,280.1351,100.1351
2029-03-26,0.0000,5.6203,128.7872,4.9199,6.1660,184.6900,204.6661,39.5935,70.8177,8.4516,309.9750,279.6839,99.6839,280.0710,100.0710
2029-03-27,0.0000,6.6102,143.0164,6.9270,7.4091,184.3004,204.5505,39.7080,70.8496,8.4894,309.9948,279.6309,99.6309,279.9612,99.9612
2029-03-28,0.0000,7.5995,157.7165,8.9484,8.6520,183.9112,204.4335,39.8231,70.8823,8.5273,310.0142,279.5780,99.5780,279.8062,99.8062
2029-03-29,0.0000,8.5882,172.7986,10.9820,9.8945,183.5229,204.3151,39.9389,70.9157,8.5651,310.0333,279.5250,99.5250,279.6151,99.6151
2029-03-30,0.0000,9.5762,188.1136,13.0255,11.1367,183.1363,204.1954,40.0554,70.9498,8.6029,310.0519,279.4721,99.4721,279.4042,99.4042
2029-03-31,0.0000,10.5637,203.4717,15.0760,12.3786,182.7521,204.0746,40.1725,70.9846,8.6407,310.0702,279.4191,99.4191,279.1935,99.1935
2029-04-01,0.0000,11.5507,218.6761,17.1301,13.6202,182.3711,203.9527,40.2903,71.0201,8.6786,310.0881,279.3662,99.3662,279.0031,99.0031
2029-04-02,0.0000,12.5371,233.5598,19.1839,14.8616,181.9939,203.8298,40.4088,71.0563,8.7164,310.1056,279.3132,99.3132,278.8491,98.8491
2029-04-03,0.0000,13.5231,248.0111,21.2330,16.1027,181.6211,203.7060,40.5279,71.0932,8.7542,310.1228,279.2603,99.2603,278.7405,98.7405
2029-04-04,0.0000,14.5086,261.9805,23.2725,17.3436,181.2535,203.5813,40.6475,71.1308,8.7920,310.1395,279.2073,99.2073,278.6774,98.6774
2029-04-05,0.0000,15.4935,275.4730,25.2970,18.5842,180.8916,203.4559,40.7678,71.1690,8.8298,310.1559,279.1543,99.1543,278.6514,98.6514
2029-04-06,0.0000,16.4780,288.5328,27.3009,19.8245,180.5361,203.3297,40.8886,71.2079,8.8674,310.1718,279.1014,99.1014,278.6465,98.6465
2029-04-07,0.0000,17.4621,301.2265,29.2781,21.0645,180.1877,203.2030,41.0099,71.2474,8.9051,310.1873,279.0484,99.0484,278.6431,98.6431
2029-04-08,0.0000,18.4456,313.6288,31.2226,22.3043,179.8470,203.0757,41.1318,71.2876,8.9426,310.2024,278.9955,98.9955,278.6211,98.6211
2029-04-09,0.0000,19.4286,325.8133,33.1282,23.5437,179.5145,202.9480,41.2541,71.3283,8.9800,310.2171,278.9425,98.9425,278.5646,98.5646
2029-04-10,0.0000,20.4110,337.8458,34.9888,24.7829,179.1908,202.8199,41.3769,71.3697,9.0173,310.2313,278.8896,98.8896,278.4642,98.4642
2029-04-11,0.0000,21.3930,349.7814,36.7986,26.0218,178.8765,202.6916,41.5001,71.4117,9.0546,310.2452,278.8366,98.8366,278.3195,98.3195
2029-04-12,0.0000,22.3745,1.6635,38.5519,27.2604,178.5720,202.5632,41.6238,71.4542,9.0917,310.2585,278.7837,98.7837,278.1386,98.1386
2029-04-13,0.0000,23.3554,13.5256,40.2436,28.4987,178.2779,202.4348,41.7479,71.4974,9.1287,310.2715,278.7307,98.7307,277.9369,97.9369
2029-04-14,0.0000,24.3358,25.3939,41.8689,29.7366,177.9945,202.3063,41.8724,71.5412,9.1656,310.2840,278.6778,98.6778,277.7339,97.7339
2029-04-15,0.0000,25.3157,37.2909,43.4236,30.9743,177.7223,202.1781,41.9973,71.5855,9.2023,310.2960,278.6248,98.6248,277.5492,97.5492
2029-04-16,0.0000,26.2949,49.2407,44.9038,32.2117,177.4616,202.0501,42.1226,71.6304,9.2390,310.3077,278.5719,98.5719,277.3990,97.3990
2029-04-17,0.0000,27.2737,61.2722,46.3061,33.4487,177.2128,201.9224,42.2482,71.6759,9.2755,310.3190,278.5189,98.5189,277.2928,97.2928
2029-04-18,0.0000,28.2518,73.4230,47.6275,34.6854,176.9762,201.7952,42.3742,71.7219,9.3118,310.3298,278.4659,98.4659,277.2317,97.2317
2029-04-19,0.0000,29.2294,85.7411,48.8654,35.9218,176.7519,201.6685,42.5004,71.7684,9.3480,310.3401,278.4130,98.4130,277.2082,97.2082
2029-04-20,0.0000,30.2064,98.2843,50.0175,37.1578,176.5403,201.5425,42.6270,71.8155,9.3840,310.3500,278.3600,98.3600,277.2079,97.2079
2029-04-21,0.0000,31.1828,111.1173,51.0818,38.3934,176.3415,201.4171,42.7538,71.8630,9.4199,310.3594,278.3071,98.3071,277.2123,97.2123
2029-04-22,0.0000,32.1585,124.3055,52.0565,39.6287,176.1557,201.2925,42.8808,71.9111,9.4555,310.3684,278.2541,98.2541,277.2025,97.2025
2029-04-23,0.0000,33.1336,137.9052,52.9401,40.8635,175.9829,201.1687,43.0081,71.9596,9.4909,310.3770,278.2012,98.2012,277.1628,97.1628
2029-04-24,0.0000,34.1081,151.9497,53.7313,42.0980,175.8232,201.0459,43.1355,72.0085,9.5262,310.3851,278.1482,98.1482,277.0839,97.0839
2029-04-25,0.0000,35.0820,166.4344,54.4290,43.3321,175.6767,200.9241,43.2631,72.0579,9.5611,310.3927,278.0953,98.0953,276.9644,96.9644
2029-04-26,0.0000,36.0553,181.3032,55.0324,44.5658,175.5434,200.8035,43.3909,72.1078,9.5959,310.3998,278.0423,98.0423,276.8112,96.8112
2029-04-27,0.0000,37.0280,196.4437,55.5411,45.7992,175.4234,200.6840,43.5188,72.1581,9.6304,310.4065,277.9894,97.9894,276.6378,96.6378
2029-04-28,0.0000,38.0003,211.6963,55.9548,47.0322,175.3165,200.5658,43.6469,72.2088,9.6648,310.4127,277.9364,97.9364,276.4617,96.4617
2029-04-29,0.0000,38.9720,226.8790,56.2738,48.2649,175.2228,200.4490,43.7751,72.2600,9.6989,310.4186,277.8835,97.8835,276.3010,96.3010
2029-04-30,0.0000,39.9432,241.8196,56.4987,49.4973,175.1422,200.3336,43.9034,72.3116,9.7327,310.4240,277.8305,97.8305,276.1707,96.1707
2029-05-01,0.0000,40.9140,256.3845,56.6309,50.7294,175.0746,200.2197,44.0319,72.3636,9.7664,310.4289,277.7776,97.7776,276.0800,96.0800
2029-05-02,0.0000,41.8844,270.4947,56.6722,51.9612,175.0200,200.1073,44.1604,72.4160,9.7997,310.4334,277.7246,97.7246,276.0306,96.0306
2029-05-03,0.0000,42.8543,284.1264,56.6252,53.1927,174.9782,199.9966,44.2889,72.4688,9.8329,310.4374,277.6716,97.6716,276.0164,96.0164
2029-05-04,0.0000,43.8238,297.3012,56.4933,54.4239,174.9492,199.8875,44.4175,72.5219,9.8657,310.4410,277.6187,97.6187,276.0253,96.0253
2029-05-05,0.0000,44.7929,310.0725,56.2809,55.6547,174.9330,199.7802,44.5461,72.5754,9.8982,310.4441,277.5657,97.5657,276.0410,96.0410
2029-05-06,0.0000,45.7616,322.5115,55.9930,56.8853,174.9293,199.6747,44.6746,72.6292,9.9304,310.4467,277.5128,97.5128,276.0468,96.0468
2029-05-07,0.0000,46.7299,334.6962,55.6359,58.1156,174.9381,199.5711,44.8032,72.6834,9.9624,310.4489,277.4598,97.4598,276.0288,96.0288
2029-05-08,0.0000,47.6978,346.7032,55.2167,59.3457,174.9594,199.4694,44.9317,72.7378,9.9940,310.4505,277.4069,97.4069,275.9784,95.9784
2029-05-09,0.0000,48.6653,358.6032,54.7434,60.5754,174.9929,199.3698,45.0602,72.7926,10.0253,310.4517,277.3539,97.3539,275.8937,95.8937
2029-05-10,0.0000,49.6324,10.4572,54.2249,61.8048,175.0386,199.2722,45.1886,72.8477,10.0563,310.4525,277.3010,97.3010,275.7800,95.7800
2029-05-11,0.0000,50.5992,22.3156,53.6706,63.0340,175.0963,199.1768,45.3169,72.9031,10.0870,310.4528,277.2480,97.2480,275.6484,95.6484
2029-05-12,0.0000,51.5655,34.2189,53.0909,64.2628,175.1660,199.0837,45.4452,72.9587,10.1173,310.4527,277.1951,97.1951,275.5135,95.5135
2029-05-13,0.0000,52.5314,46.1987,52.4959,65.4914,175.2473,198.9928,45.5733,73.0147,10.1473,310.4521,277.1421,97.1421,275.3904,95.3904
2029-05-14,0.0000,53.4969,58.2805,51.8964,66.7197,175.3403,198.9043,45.7012,73.0709,10.1770,310.4511,277.0892,97.0892,275.2919,95.2919
2029-05-15,0.0000,54.4620,70.4874,51.3029,67.9477,175.4446,198.8181,45.8290,73.1274,10.2064,310.4496,277.0362,97.0362,275.2259,95.2259
2029-05-16,0.0000,55.4267,82.8430,50.7255,69.1753,175.5602,198.7345,45.9567,73.1841,10.2354,310.4476,276.9832,96.9832,275.1942,95.1942
2029-05-17,0.0000,56.3910,95.3748,50.1739,70.4026,175.6869,198.6533,46.0841,73.2410,10.2640,310.4452,276.9303,96.9303,275.1924,95.1924
2029-05-18,0.0000,57.3547,108.1152,49.6572,71.6296,175.8245,198.5746,46.2113,73.2982,10.2923,310.4424,276.8773,96.8773,275.2106,95.2106
2029-05-19,0.0000,58.3181,121.1014,49.1836,72.8562,175.9727,198.4985,46.3382,73.3555,10.3202,310.4392,276.8244,96.8244,275.2362,95.2362
2029-05-20,0.0000,59.2809,134.3722,48.7603,74.0825,176.1315,198.4249,46.4649,73.4130,10.3476,310.4354,276.7714,96.7714,275.2556,95.2556
2029-05-21,0.0000,60.2433,147.9617,48.3936,75.3083,176.3005,198.3540,46.5913,73.4707,10.3747,310.4312,276.7185,96.7185,275.2578,95.2578
2029-05-22,0.0000,61.2052,161.8908,48.0889,76.5338,176.4796,198.2858,46.7174,73.5285,10.4014,310.4266,276.6655,96.6655,275.2357,95.2357
2029-05-23,0.0000,62.1667,176.1565,47.8505,77.7589,176.6686,198.2203,46.8432,73.5865,10.4277,310.4215,276.6126,96.6126,275.1876,95.1876
2029-05-24,0.0000,63.1277,190.7226,47.6817,78.9837,176.8673,198.1576,46.9686,73.6446,10.4536,310.4160,276.5596,96.5596,275.1174,95.1174
2029-05-25,0.0000,64.0883,205.5140,47.5851,80.2080,177.0755,198.0976,47.0937,73.7029,10.4790,310.4100,276.5067,96.5067,275.0332,95.0332
2029-05-26,0.0000,65.0485,220.4195,47.5623,81.4321,177.2929,198.0404,47.2185,73.7612,10.5041,310.4037,276.4537,96.4537,274.9460,94.9460
2029-05-27,0.0000,66.0083,235.3044,47.6143,82.6557,177.5195,197.9860,47.3429,73.8197,10.5288,310.3970,276.4008,96.4008,274.8670,94.8670
2029-05-28,0.0000,66.9679,250.0304,47.7415,83.8790,177.7549,197.9345,47.4669,73.8784,10.5530,310.3898,276.3478,96.3478,274.8056,94.8056
2029-05-29,0.0000,67.9271,264.4763,47.9438,85.1020,177.9991,197.8858,47.5906,73.9371,10.5769,310.3822,276.2948,96.2948,274.7677,94.7677
2029-05-30,0.0000,68.8860,278.5546,48.2204,86.3247,178.2518,197.8400,47.7138,73.9959,10.6003,310.3742,276.2419,96.2419,274.7545,94.7545
2029-05-31,0.0000,69.8447,292.2192,48.5704,87.5470,178.5129,197.7971,47.8365,74.0547,10.6233,310.3658,276.1889,96.1889,274.7628,94.7628
2029-06-01,0.0000,70.8030,305.4638,48.9928,88.7691,178.7822,197.7571,47.9588,74.1136,10.6458,310.3570,276.1360,96.1360,274.7856,94.7856
2029-06-02,0.0000,71.7612,318.3160,49.4860,89.9907,179.0596,197.7200,48.0806,74.1726,10.6679,310.3477,276.0830,96.0830,274.8141,94.8141
2029-06-03,0.0000,72.7191,330.8274,50.0485,91.2121,179.3449,197.6858,48.2019,74.2315,10.6894,310.3381,276.0301,96.0301,274.8391,94.8391
2029-06-04,0.0000,73.6768,343.0654,50.6787,92.4332,179.6380,197.6545,48.3227,74.2906,10.7106,310.3280,275.9771,95.9771,274.8531,94.8531
2029-06-05,0.0000,74.6343,355.1045,51.3751,93.6540,179.9387,197.6262,48.4430,74.3490,10.7312,310.3175,275.9242,95.9242,274.8516,94.8516
2029-06-06,0.0000,75.5917,7.0209,52.1360,94.8744,180.2470,197.6009,48.5628,74.4083,10.7514,310.3066,275.8712,95.8712,274.8338,94.8338
2029-06-07,0.0000,76.5488,18.8875,52.9598,96.0946,180.5626,197.5786,48.6820,74.4673,10.7711,310.2954,275.8183,95.8183,274.8022,94.8022
2029-06-08,0.0000,77.5058,30.7708,53.8451,97.3145,180.8856,197.5593,48.8006,74.5263,10.7904,310.2837,275.7653,95.7653,274.7624,94.7624
2029-06-09,0.0000,78.4626,42.7287,54.7904,98.5341,181.2157,197.5430,48.9186,74.5852,10.8092,310.2717,275.7124,95.7124,274.7210,94.7210
2029-06-10,0.0000,79.4192,54.8091,55.7945,99.7534,181.5528,197.5297,49.0360,74.6441,10.8275,310.2593,275.6594,95.6594,274.6848,94.6848
2029-06-11,0.0000,80.3756,67.0492,56.8560,100.9724,181.8968,197.5195,49.1528,74.7030,10.8453,310.2466,275.6064,95.6064,274.6589,94.6589
2029-06-12,0.0000,81.3319,79.4765,57.9740,102.1910,182.2476,197.5122,49.2690,74.7618,10.8627,310.2335,275.5535,95.5535,274.6462,94.6462
2029-06-13,0.0000,82.2880,92.1096,59.1475,103.4093,182.6051,197.5081,49.3845,74.8205,10.8795,310.2201,275.5005,95.5005,274.6468,94.6468
2029-06-14,0.0000,83.2438,104.9603,60.3755,104.6273,182.9690,197.5069,49.4993,74.8791,10.8959,310.2063,275.4476,95.4476,274.6581,94.6581
2029-06-15,0.0000,84.1994,118.0352,61.6573,105.8449,183.3394,197.5088,49.6134,74.9376,10.9117,310.1921,275.3946,95.3946,274.6762,94.6762
2029-06-16,0.0000,85.1548,131.3376,62.9922,107.0621,183.7159,197.5137,49.7267,74.9960,10.9270,310.1776,275.3417,95.3417,274.6962,94.6962
2029-06-17,0.0000,86.1100,144.8679,64.3797,108.2789,184.0986,197.5216,49.8393,75.0543,10.9418,310.1627,275.2887,95.2887,274.7137,94.7137
2029-06-18,0.0000,87.0649,158.6225,65.8192,109.4953,184.4873,197.5324,49.9511,75.1123,10.9561,310.1474,275.2358,95.2358,274.7257,94.7257
2029-06-19,0.0000,88.0196,172.5916,67.3103,110.7113,184.8819,197.5463,50.0621,75.1703,10.9698,310.1319,275.1828,95.1828,274.7310,94.7310
2029-06-20,0.0000,88.9740,186.7550,68.8526,111.9268,185.2822,197.5631,50.1724,75.2281,10.9831,310.1161,275.1299,95.1299,274.7302,94.7302
2029-06-21,0.0000,89.9282,201.0791,70.4456,113.1419,185.6881,197.5829,50.2818,75.2857,10.9958,310.0999,275.0769,95.0769,274.7255,94.7255
2029-06-22,0.0000,90.8823,215.5134,72.0888,114.3565,186.0995,197.6057,50.3904,75.3431,11.0080,310.0834,275.0240,95.0240,274.7194,94.7194
2029-06-23,0.0000,91.8361,229.9910,73.7816,115.5707,186.5163,197.6314,50.4982,75.4004,11.0197,310.0666,274.9710,94.9710,274.7147,94.7147
2029-06-24,0.0000,92.7898,244.4322,75.5233,116.7845,186.9384,197.6601,50.6051,75.4574,11.0309,310.0495,274.9180,94.9180,274.7130,94.7130
2029-06-25,0.0000,93.7434,258.7516,77.3129,117.9978,187.3656,197.6917,50.7112,75.5143,11.0415,310.0322,274.8651,94.8651,274.7149,94.7149
2029-06-26,0.0000,94.6969,272.8677,79.1492,119.2107,187.7979,197.7261,50.8164,75.5709,11.0517,310.0147,274.8121,94.8121,274.7195,94.7195
2029-06-27,0.0000,95.6503,286.7120,81.0307,120.4231,188.2350,197.7634,50.9207,75.6274,11.0613,309.9968,274.7592,94.7592,274.7251,94.7251
2029-06-28,0.0000,96.6036,300.2371,82.9557,121.6351,188.6771,197.8036,51.0241,75.6835,11.0703,309.9786,274.7062,94.7062,274.7295,94.7295
2029-06-29,0.0000,97.5568,313.4208,84.9217,122.8466,189.1239,197.8466,51.1265,75.7394,11.0788,309.9602,274.6533,94.6533,274.7310,94.7310
2029-06-30,0.0000,98.5101,326.2667,86.9262,124.0577,189.5754,197.8924,51.2279,75.7950,11.0868,309.9414,274.6003,94.6003,274.7289,94.7289
2029-07-01,0.0000,99.4633,338.8020,88.9659,125.2683,190.0315,197.9410,51.3284,75.8503,11.0942,309.9224,274.5474,94.5474,274.7238,94.7238
2029-07-02,0.0000,100.4166,351.0734,91.0374,126.4785,190.4922,197.9924,51.4279,75.9054,11.1011,309.9032,274.4944,94.4944,274.7174,94.7174
2029-07-03,0.0000,101.3699,3.1425,93.1367,127.6883,190.9574,198.0465,51.5264,75.9601,11.1074,309.8837,274.4415,94.4415,274.7125,94.7125
2029-07-04,0.0000,102.3233,15.0799,95.2593,128.8977,191.4270,198.1035,51.6238,76.0146,11.1132,309.8640,274.3885,94.3885,274.7118,94.7118
2029-07-05,0.0000,103.2767,26.9616,97.4007,130.1066,191.9010,198.1631,51.7202,76.0687,11.1184,309.8441,274.3356,94.3356,274.7173,94.7173
2029-07-06,0.0000,104.2302,38.8641,99.5560,131.3151,192.3793,198.2256,51.8156,76.1225,11.1231,309.8239,274.2826,94.2826,274.7297,94.7297
2029-07-07,0.0000,105.1838,50.8606,101.7203,132.5232,192.8619,198.2907,51.9099,76.1760,11.1273,309.8036,274.2297,94.2297,274.7477,94.7477
2029-07-08,0.0000,106.1375,63.0176,103.8888,133.7308,193.3487,198.3585,52.0032,76.2292,11.1309,309.7830,274.1767,94.1767,274.7681,94.7681
2029-07-09,0.0000,107.0913,75.3911,106.0567,134.9380,193.8396,198.4291,52.0953,76.2820,11.1340,309.7623,274.1237,94.1237,274.7864,94.7864
2029-07-10,0.0000,108.0451,88.0232,108.2196,136.1448,194.3346,198.5023,52.1863,76.3345,11.1366,309.7414,274.0708,94.0708,274.7979,94.7979
2029-07-11,0.0000,108.9991,100.9390,110.3733,137.3510,194.8337,198.5781,52.2762,76.3865,11.1386,309.7203,274.0178,94.0178,274.7984,94.7984
2029-07-12,0.0000,109.9531,114.1453,112.5142,138.5568,195.3367,198.6565,52.3649,76.4382,11.1401,309.6990,273.9649,93.9649,274.7853,94.7853
2029-07-13,0.0000,110.9071,127.6292,114.6387,139.7620,195.8435,198.7375,52.4524,76.4894,11.1410,309.6776,273.9119,93.9119,274.7590,94.7590
2029-07-14,0.0000,111.8612,141.3607,116.7442,140.9667,196.3542,198.8211,52.5387,76.5403,11.1413,309.6559,273.8590,93.8590,274.7224,94.7224
2029-07-15,0.0000,112.8152,155.2961,118.8281,142.1708,196.8687,198.9072,52.6237,76.5906,11.1411,309.6342,273.8060,93.8060,274.6806,94.6806
2029-07-16,0.0000,113.7694,169.3833,120.8884,143.3744,197.3868,198.9958,52.7075,76.6406,11.1403,309.6123,273.7531,93.7531,274.6406,94.6406
2029-07-17,0.0000,114.7235,183.5679,122.9234,144.5773,197.9086,199.0869,52.7900,76.6901,11.1389,309.5902,273.7001,93.7001,274.6091,94.6091
2029-07-18,0.0000,115.6777,197.7984,124.9319,145.7797,198.4340,199.1804,52.8713,76.7391,11.1371,309.5680,273.6472,93.6472,274.5914,94.5914
2029-07-19,0.0000,116.6319,212.0286,126.9129,146.9814,198.9628,199.2764,52.9513,76.7877,11.1347,309.5457,273.5942,93.5942,274.5903,94.5903
2029-07-20,0.0000,117.5861,226.2187,128.8657,148.1824,199.4951,199.3749,53.0300,76.8358,11.1318,309.5233,273.5413,93.5413,274.6049,94.6049
2029-07-21,0.0000,118.5404,240.3331,130.7897,149.3828,200.0307,199.4757,53.1074,76.8834,11.1283,309.5008,273.4883,93.4883,274.6303,94.6303
2029-07-22,0.0000,119.4949,254.3386,132.6846,150.5825,200.5697,199.5788,53.1836,76.9306,11.1244,309.4783,273.4353,93.4353,274.6592,94.6592
2029-07-23,0.0000,120.4493,268.2018,134.5502,151.7816,201.1119,199.6843,53.2584,76.9773,11.1199,309.4557,273.3824,93.3824,274.6823,94.6823
2029-07-24,0.0000,121.4040,281.8891,136.3864,152.9799,201.6573,199.7921,53.3318,77.0234,11.1149,309.4329,273.3294,93.3294,274.6906,94.6906
2029-07-25,0.0000,122.3587,295.3676,138.1933,154.1776,202.2058,199.9022,53.4039,77.0691,11.1093,309.4101,273.2765,93.2765,274.6772,94.6772
2029-07-26,0.0000,123.3136,308.6092,139.9709,155.3745,202.7574,200.0144,53.4745,77.1141,11.1032,309.3873,273.2235,93.2235,274.6390,94.6390
2029-07-27,0.0000,124.2687,321.5943,141.7193,156.5707,203.3120,200.1289,53.5438,77.1587,11.0966,309.3644,273.1706,93.1706,274.5772,94.5772
2029-07-28,0.0000,125.2239,334.3163,143.4386,157.7662,203.8697,200.2456,53.6117,77.2027,11.0894,309.3414,273.1176,93.1176,274.4978,94.4978
2029-07-29,0.0000,126.1794,346.7846,145.1289,158.9609,204.4303,200.3644,53.6781,77.2461,11.0817,309.3184,273.0647,93.0647,274.4104,94.4104
2029-07-30,0.0000,127.1352,359.0253,146.7905,160.1550,204.9939,200.4853,53.7431,77.2889,11.0735,309.2953,273.0117,93.0117,274.3261,94.3261
2029-07-31,0.0000,128.0912,11.0816,148.4233,161.3483,205.5604,200.6084,53.8066,77.3312,11.0648,309.2722,272.9588,92.9588,274.2561,94.2561
2029-08-01,0.0000,129.0476,23.0110,150.0275,162.5410,206.1299,200.7336,53.8687,77.3729,11.0556,309.2491,272.9058,92.9058,274.2084,94.2084
2029-08-02,0.0000,130.0042,34.8829,151.6030,163.7329,206.7022,200.8609,53.9293,77.4141,11.0459,309.2260,272.8529,92.8529,274.1869,94.1869
2029-08-03,0.0000,130.9612,46.7746,153.1498,164.9241,207.2774,200.9903,53.9884,77.4546,11.0357,309.2030,272.7999,92.7999,274.1897,94.1897
2029-08-04,0.0000,131.9185,58.7679,154.6678,166.1147,207.8555,201.1217,54.0460,77.4946,11.0250,309.1799,272.7469,92.7469,274.2098,94.2098
2029-08-05,0.0000,132.8762,70.9440,156.1570,167.3044,208.4363,201.2552,54.1021,77.5339,11.0138,309.1569,272.6940,92.6940,274.2359,94.2359
2029-08-06,0.0000,133.8342,83.3782,157.6169,168.4935,209.0200,201.3906,54.1566,77.5726,11.0022,309.1339,272.6410,92.6410,274.2544,94.2544
2029-08-07,0.0000,134.7925,96.1337,159.0474,169.6818,209.6064,201.5280,54.2096,77.6107,10.9900,309.1110,272.5881,92.5881,274.2526,94.2526
2029-08-08,0.0000,135.7511,109.2536,160.4480,170.8693,210.1956,201.6674,54.2610,77.6481,10.9774,309.0881,272.5351,92.5351,274.2208,94.2208
2029-08-09,0.0000,136.7101,122.7539,161.8182,172.0561,210.7874,201.8087,54.3108,77.6849,10.9642,309.0652,272.4822,92.4822,274.1545,94.1545
2029-08-10,0.0000,137.6694,136.6173,163.1575,173.2420,211.3819,201.9518,54.3590,77.7210,10.9506,309.0424,272.4292,92.4292,274.0556,94.0556
2029-08-11,0.0000,138.6290,150.7914,164.4651,174.4271,211.9791,202.0968,54.4055,77.7564,10.9365,309.0197,272.3763,92.3763,273.9323,93.9323
2029-08-12,0.0000,139.5889,165.1927,165.7402,175.6113,212.5789,202.2437,54.4504,77.7911,10.9219,308.9970,272.3233,92.3233,273.7973,93.7973
2029-08-13,0.0000,140.5490,179.7180,166.9819,176.7946,213.1812,202.3923,54.4937,77.8251,10.9069,308.9744,272.2704,92.2704,273.6659,93.6659
2029-08-14,0.0000,141.5094,194.2603,168.1891,177.9770,213.7861,202.5427,54.5353,77.8584,10.8914,308.9519,272.2174,92.2174,273.5527,93.5527
2029-08-15,0.0000,142.4701,208.7244,169.3606,179.1585,214.3934,202.6949,54.5752,77.8910,10.8755,308.9296,272.1645,92.1645,273.4687,93.4687
2029-08-16,0.0000,143.4311,223.0386,170.4950,180.3390,215.0033,202.8489,54.6135,77.9229,10.8592,308.9073,272.1115,92.1115,273.4191,93.4191
2029-08-17,0.0000,144.3923,237.1590,171.5908,181.5185,215.6155,203.0045,54.6502,77.9542,10.8424,308.8853,272.0585,92.0585,273.4020,93.4020
2029-08-18,0.0000,145.3539,251.0663,172.6463,182.6969,216.2302,203.1619,54.6851,77.9847,10.8252,308.8633,272.0056,92.0056,273.4087,93.4087
2029-08-19,0.0000,146.3157,264.7588,173.6596,183.8743,216.8472,203.3209,54.7184,78.0144,10.8076,308.8415,271.9526,91.9526,273.4250,93.4250
2029-08-20,0.0000,147.2778,278.2436,174.6286,185.0507,217.4665,203.4815,54.7500,78.0435,10.7897,308.8198,271.8997,91.8997,273.4342,93.4342
2029-08-21,0.0000,148.2403,291.5296,175.5509,186.2259,218.0880,203.6437,54.7798,78.0718,10.7712,308.7983,271.8467,91.8467,273.4202,93.4202
2029-08-22,0.0000,149.2030,304.6225,176.4240,187.4000,218.7118,203.8074,54.8079,78.0993,10.7524,308.7770,271.7938,91.7938,273.3707,93.3707
2029-08-23,0.0000,150.1661,317.5234,177.2453,188.5729,219.3378,203.9727,54.8343,78.1261,10.7332,308.7558,271.7408,91.7408,273.2799,93.2799
2029-08-24,0.0000,151.1296,330.2306,178.0116,189.7447,219.9660,204.1395,54.8590,78.1521,10.7136,308.7348,271.6879,91.6879,273.1494,93.1494
2029-08-25,0.0000,152.0935,342.7431,178.7196,190.9153,220.5964,204.3078,54.8819,78.1773,10.6936,308.7139,271.6349,91.6349,272.9887,92.9887
2029-08-26,0.0000,153.0578,355.0654,179.3660,192.0848,221.2289,204.4776,54.9030,78.2017,10.6732,308.6932,271.5820,91.5820,272.8129,92.8129
2029-08-27,0.0000,154.0225,7.2117,179.9468,193.2530,221.8635,204.6488,54.9224,78.2254,10.6525,308.6727,271.5290,91.5290,272.6400,92.6400
2029-08-28,0.0000,154.9877,19.2091,180.4581,194.4201,222.5004,204.8214,54.9401,78.2483,10.6314,308.6525,271.4761,91.4761,272.4876,92.4876
2029-08-29,0.0000,155.9534,31.0993,180.8957,195.5860,223.1393,204.9955,54.9559,78.2704,10.6099,308.6325,271.4231,91.4231,272.3691,92.3691
2029-08-30,0.0000,156.9196,42.9385,181.2550,196.7507,223.7804,205.1710,54.9701,78.2917,10.5881,308.6127,271.3701,91.3701,272.2913,92.2913
2029-08-31,0.0000,157.8864,54.7960,181.5316,197.9142,224.4236,205.3479,54.9824,78.3122,10.5660,308.5931,271.3172,91.3172,272.2528,92.2528
2029-09-01,0.0000,158.8536,66.7517,181.7208,199.0764,225.0689,205.5261,54.9930,78.3319,10.5436,308.5738,271.2642,91.2642,272.2441,92.2441
2029-09-02,0.0000,159.8214,78.8919,181.8181,200.2374,225.7163,205.7057,55.0018,78.3509,10.5209,308.5547,271.2113,91.2113,272.2493,92.2493
2029-09-03,0.0000,160.7897,91.3042,181.8191,201.3972,226.3658,205.8866,55.0088,78.3690,10.4979,308.5359,271.1583,91.1583,272.2496,92.2496
2029-09-04,0.0000,161.7586,104.0701,181.7201,202.5557,227.0174,206.0687,55.0140,78.3863,10.4745,308.5174,271.1054,91.1054,272.2265,92.2265
2029-09-05,0.0000,162.7280,117.2547,181.5176,203.7128,227.6710,206.2522,55.0173,78.4027,10.4509,308.4991,271.0524,91.0524,272.1655,92.1655
2029-09-06,0.0000,163.6979,130.8955,181.2094,204.8686,228.3266,206.4368,55.0189,78.4183,10.4270,308.4811,270.9995,90.9995,272.0594,92.0594
2029-09-07,0.0000,164.6684,144.9893,180.7945,206.0231,228.9843,206.6227,55.0186,78.4331,10.4027,308.4633,270.9465,90.9465,271.9093,91.9093
2029-09-08,0.0000,165.6393,159.4836,180.2734,207.1761,229.6440,206.8098,55.0165,78.4470,10.3782,308.4458,270.8936,90.8936,271.7249,91.7249
2029-09-09,0.0000,166.6108,174.2759,179.6489,208.3277,230.3056,206.9980,55.0126,78.4600,10.3535,308.4286,270.8406,90.8406,271.5224,91.5224
2029-09-10,0.0000,167.5827,189.2251,178.9260,209.4778,230.9693,207.1874,55.0069,78.4722,10.3285,308.4117,270.7877,90.7877,271.3216,91.3216
2029-09-11,0.0000,168.5551,204.1748,178.1127,210.6264,231.6348,207.3779,54.9994,78.4836,10.3032,308.3952,270.7347,90.7347,271.1419,91.1419
2029-09-12,0.0000,169.5279,218.9807,177.2201,211.7734,232.3023,207.5695,54.9901,78.4941,10.2778,308.3789,270.6818,90.6818,270.9985,90.9985
2029-09-13,0.0000,170.5012,233.5328,176.2625,212.9188,232.9718,207.7622,54.9791,78.5037,10.2521,308.3630,270.6288,90.6288,270.8996,90.8996
2029-09-14,0.0000,171.4750,247.7662,175.2574,214.0625,233.6431,207.9560,54.9662,78.5126,10.2263,308.3474,270.5758,90.5758,270.8445,90.8445
2029-09-15,0.0000,172.4492,261.6592,174.2250,215.2045,234.3162,208.1508,54.9516,78.5205,10.2002,308.3322,270.5229,90.5229,270.8239,90.8239
2029-09-16,0.0000,173.4238,275.2231,173.1881,216.3446,234.9911,208.3466,54.9353,78.5276,10.1740,308.3173,270.4699,90.4699,270.8216,90.8216
2029-09-17,0.0000,174.3989,288.4893,172.1711,217.4829,235.6678,208.5434,54.9171,78.5339,10.1476,308.3028,270.4170,90.4170,270.8175,90.8175
2029-09-18,0.0000,175.3744,301.4968,171.1989,218.6193,236.3462,208.7410,54.8972,78.5392,10.1210,308.2886,270.3640,90.3640,270.7920,90.7920
2029-09-19,0.0000,176.3504,314.2836,170.2960,219.7536,237.0264,208.9396,54.8755,78.5437,10.0943,308.2748,270.3111,90.3111,270.7294,90.7294
2029-09-20,0.0000,177.3268,326.8811,169.4860,220.8860,237.7082,209.1391,54.8521,78.5474,10.0674,308.2612,270.2581,90.2581,270.6211,90.6211
2029-09-21,0.0000,178.3037,339.3126,168.7896,222.0163,238.3918,209.3395,54.8270,78.5501,10.0404,308.2481,270.2052,90.2052,270.4675,90.4675
2029-09-22,0.0000,179.2812,351.5947,168.2250,223.1445,239.0770,209.5407,54.8001,78.5520,10.0132,308.2353,270.1522,90.1522,270.2777,90.2777
2029-09-23,0.0000,180.2591,3.7403,167.8066,224.2706,239.7639,209.7428,54.7715,78.5530,9.9859,308.2229,270.0993,90.0993,270.0679,90.0679
2029-09-24,0.0000,181.2377,15.7635,167.5452,225.3944,240.4525,209.9457,54.7413,78.5532,9.9585,308.2109,270.0463,90.0463,269.8582,89.8582
2029-09-25,0.0000,182.2167,27.6840,167.4478,226.5161,241.1427,210.1495,54.7093,78.5525,9.9310,308.1992,269.9934,89.9934,269.6687,89.6687
2029-09-26,0.0000,183.1964,39.5309,167.5174,227.6354,241.8346,210.3540,54.6757,78.5509,9.9035,308.1880,269.9404,89.9404,269.5154,89.5154
2029-09-27,0.0000,184.1767,51.3459,167.7540,228.7525,242.5282,210.5593,54.6405,78.5485,9.8759,308.1771,269.8874,89.8874,269.4074,89.4074
2029-09-28,0.0000,185.1576,63.1839,168.1543,229.8671,243.2234,210.7653,54.6036,78.5452,9.8482,308.1667,269.8345,89.8345,269.3450,89.3450
2029-09-29,0.0000,186.1392,75.1130,168.7125,230.9794,243.9203,210.9721,54.5651,78.5411,9.8205,308.1567,269.7815,89.7815,269.3198,89.3198
2029-09-30,0.0000,187.1213,87.2121,169.4207,232.0892,244.6188,211.1797,54.5250,78.5362,9.7927,308.1471,269.7286,89.7286,269.3160,89.3160
2029-10-01,0.0000,188.1041,99.5677,170.2693,233.1964,245.3189,211.3879,54.4833,78.5304,9.7649,308.1379,269.6756,89.6756,269.3142,89.3142
2029-10-02,0.0000,189.0876,112.2671,171.2475,234.3011,246.0206,211.5968,54.4400,78.5237,9.7371,308.1291,269.6227,89.6227,269.2945,89.2945
2029-10-03,0.0000,190.0717,125.3893,172.3437,235.4030,246.7239,211.8063,54.3951,78.5161,9.7093,308.1207,269.5697,89.5697,269.2410,89.2410
2029-10-04,0.0000,191.0564,138.9921,173.5459,236.5022,247.4289,212.0165,54.3487,78.5077,9.6814,308.1128,269.5168,89.5168,269.1444,89.1444
2029-10-05,0.0000,192.0417,153.0970,174.8422,237.5987,248.1354,212.2273,54.3007,78.4985,9.6536,308.1052,269.4638,89.4638,269.0042,89.0042
2029-10-06,0.0000,193.0276,167.6738,176.2208,238.6922,248.8434,212.4386,54.2512,78.4883,9.6257,308.0981,269.4109,89.4109,268.8283,88.8283
2029-10-07,0.0000,194.0142,182.6326,177.6706,239.7827,249.5531,212.6505,54.2003,78.4773,9.5979,308.0915,269.3579,89.3579,268.6319,88.6319
2029-10-08,0.0000,195.0013,197.8281,179.1811,240.8702,250.2643,212.8630,54.1478,78.4655,9.5702,308.0852,269.3050,89.3050,268.4340,88.4340
2029-10-09,0.0000,195.9890,213.0805,180.7424,241.9545,250.9771,213.0760,54.0940,78.4529,9.5425,308.0794,269.2520,89.2520,268.2539,88.2539
2029-10-10,0.0000,196.9772,228.2077,182.3459,243.0355,251.6914,213.2895,54.0388,78.4394,9.5149,308.0741,269.1990,89.1990,268.1076,88.1076
2029-10-11,0.0000,197.9660,243.0579,183.9836,244.1130,252.4072,213.5034,53.9822,78.4252,9.4874,308.0692,269.1461,89.1461,268.0045,88.0045
2029-10-12,0.0000,198.9554,257.5296,185.6485,245.1870,253.1244,213.7179,53.9243,78.4101,9.4600,308.0648,269.0931,89.0931,267.9456,87.9456
2029-10-13,0.0000,199.9452,271.5772,187.3345,246.2573,253.8431,213.9327,53.8652,78.3943,9.4327,308.0609,269.0402,89.0402,267.9237,87.9237
2029-10-14,0.0000,200.9355,285.2019,189.0362,247.3236,254.5632,214.1480,53.8047,78.3776,9.4055,308.0575,268.9872,88.9872,267.9249,87.9249
2029-10-15,0.0000,201.9262,298.4380,190.7490,248.3860,255.2847,214.3636,53.7430,78.3601,9.3785,308.0544,268.9343,88.9343,267.9311,87.9311
2029-10-16,0.0000,202.9174,311.3379,192.4692,249.4442,256.0075,214.5796,53.6801,78.3419,9.3515,308.0518,268.8813,88.8813,267.9238,87.9238
2029-10-17,0.0000,203.9091,323.9600,194.1935,250.4980,256.7317,214.7959,53.6159,78.3228,9.3247,308.0496,268.8284,88.8284,267.8878,87.8878
2029-10-18,0.0000,204.9013,336.3601,195.9190,251.5473,257.4572,215.0125,53.5507,78.3029,9.2981,308.0479,268.7754,88.7754,267.8140,87.8140
2029-10-19,0.0000,205.8940,348.5870,197.6437,252.5921,258.1839,215.2293,53.4843,78.2823,9.2716,308.0467,268.7225,88.7225,267.7011,87.7011
2029-10-20,0.0000,206.8872,0.6803,199.3657,253.6320,258.9120,215.4465,53.4168,78.2609,9.2453,308.0460,268.6695,88.6695,267.5555,87.5555
2029-10-21,0.0000,207.8809,12.6717,201.0834,254.6670,259.6414,215.6639,53.3483,78.2388,9.2191,308.0456,268.6166,88.6166,267.3904,87.3904
2029-10-22,0.0000,208.8752,24.5867,202.7958,255.6969,260.3720,215.8815,53.2788,78.2160,9.1932,308.0458,268.5636,88.5636,267.2226,87.2226
2029-10-23,0.0000,209.8700,36.4489,204.5018,256.7215,261.1039,216.0994,53.2083,78.1924,9.1675,308.0464,268.5106,88.5106,267.0695,87.0695
2029-10-24,0.0000,210.8654,48.2836,206.2009,257.7406,261.8371,216.3174,53.1369,78.1681,9.1420,308.0475,268.4577,88.4577,266.9455,86.9455
2029-10-25,0.0000,211.8613,60.1218,207.8923,258.7542,262.5716,216.5357,53.0646,78.1432,9.1168,308.0491,268.4047,88.4047,266.8595,86.8595
2029-10-26,0.0000,212.8579,72.0032,209.5759,259.7619,263.3073,216.7541,52.9914,78.1175,9.0918,308.0512,268.3518,88.3518,266.8131,86.8131
2029-10-27,0.0000,213.8550,83.9781,211.2514,260.7635,264.0442,216.9727,52.9175,78.0911,9.0671,308.0538,268.2988,88.2988,266.8006,86.8006
2029-10-28,0.0000,214.8528,96.1075,212.9185,261.7590,264.7824,217.1915,52.8427,78.0641,9.0426,308.0567,268.2459,88.2459,266.8103,86.8103
2029-10-29,0.0000,215.8511,108.4620,214.5773,262.7480,265.5218,217.4103,52.7672,78.0364,9.0184,308.0602,268.1929,88.1929,266.8269,86.8269
2029-10-30,0.0000,216.8501,121.1171,216.2278,263.7304,266.2624,217.6292,52.6910,78.0080,8.9944,308.0641,268.1400,88.1400,266.8343,86.8343
2029-10-31,0.0000,217.8497,134.1475,217.8702,264.7059,267.0042,217.8481,52.6141,77.9789,8.9707,308.0686,268.0870,88.0870,266.8193,86.8193
2029-11-01,0.0000,218.8498,147.6159,219.5044,265.6742,267.7472,218.0670,52.5365,77.9492,8.9473,308.0734,268.0341,88.0341,266.7737,86.7737
2029-11-02,0.0000,219.8505,161.5600,221.1308,266.6351,268.4914,218.2860,52.4584,77.9189,8.9243,308.0788,267.9811,87.9811,266.6959,86.6959
2029-11-03,0.0000,220.8519,175.9772,222.7494,267.5884,269.2368,218.5050,52.3797,77.8879,8.9015,308.0845,267.9282,87.9282,266.5907,86.5907
2029-11-04,0.0000,221.8538,190.8121,224.3606,268.5338,269.9834,218.7239,52.3005,77.8564,8.8790,308.0908,267.8752,87.8752,266.4686,86.4686
2029-11-05,0.0000,222.8563,205.9521,225.9646,269.4709,270.7311,218.9429,52.2209,77.8242,8.8569,308.0975,267.8222,87.8222,266.3433,86.3433
2029-11-06,0.0000,223.8593,221.2380,227.5617,270.3994,271.4800,219.1617,52.1409,77.7915,8.8352,308.1047,267.7693,87.7693,266.2291,86.2291
2029-11-07,0.0000,224.8628,236.4876,229.1521,271.3190,272.2301,219.3805,52.0605,77.7583,8.8138,308.1125,267.7163,87.7163,266.1378,86.1378
2029-11-08,0.0000,225.8669,251.5282,230.7360,272.2294,272.9812,219.5991,51.9798,77.7245,8.7928,308.1207,267.6634,87.6634,266.0769,86.0769
2029-11-09,0.0000,226.8714,266.2234,232.3138,273.1299,273.7335,219.8177,51.8989,77.6902,8.7722,308.1293,267.6104,87.6104,266.0478,86.0478
2029-11-10,0.0000,227.8763,280.4892,233.8857,274.0203,274.4868,220.0360,51.8178,77.6553,8.7520,308.1384,267.5575,87.5575,266.0465,86.0465
2029-11-11,0.0000,228.8816,294.2944,235.4519,274.9001,275.2411,220.2541,51.7365,77.6200,8.7321,308.1480,267.5045,87.5045,266.0639,86.0639
2029-11-12,0.0000,229.8873,307.6518,237.0127,275.7688,275.9964,220.4720,51.6551,77.5842,8.7127,308.1580,267.4516,87.4516,266.0880,86.0880
2029-11-13,0.0000,230.8934,320.6051,238.5683,276.6258,276.7526,220.6896,51.5737,77.5479,8.6936,308.1685,267.3986,87.3986,266.1066,86.1066
2029-11-14,0.0000,231.8998,333.2155,240.1189,277.4708,277.5098,220.9069,51.4921,77.5111,8.6750,308.1794,267.3457,87.3457,266.1094,86.1094
2029-11-15,0.0000,232.9067,345.5512,241.6647,278.3032,278.2679,221.1240,51.4107,77.4739,8.6567,308.1908,267.2927,87.2927,266.0900,86.0900
2029-11-16,0.0000,233.9139,357.6799,243.2060,279.1225,279.0270,221.3407,51.3292,77.4362,8.6389,308.2026,267.2398,87.2398,266.0470,86.0470
2029-11-17,0.0000,234.9214,9.6637,244.7428,279.9281,279.7869,221.5571,51.2479,77.3982,8.6215,308.2148,267.1868,87.1868,265.9840,85.9840
2029-11-18,0.0000,235.9294,21.5571,246.2753,280.7195,280.5477,221.7731,51.1668,77.3597,8.6046,308.2275,267.1339,87.1339,265.9085,85.9085
2029-11-19,0.0000,236.9378,33.4060,247.8036,281.4961,281.3094,221.9888,51.0859,77.3209,8.5881,308.2406,267.0809,87.0809,265.8304,85.8304
2029-11-20,0.0000,237.9466,45.2489,249.3277,282.2572,282.0720,222.2041,51.0052,77.2818,8.5721,308.2542,267.0279,87.0279,265.7597,85.7597
2029-11-21,0.0000,238.9558,57.1185,250.8476,283.0023,282.8354,222.4190,50.9249,77.2423,8.5566,308.2682,266.9750,86.9750,265.7048,85.7048
2029-11-22,0.0000,239.9654,69.0448,252.3633,283.7306,283.5997,222.6334,50.8449,77.2026,8.5416,308.2827,266.9220,86.9220,265.6707,85.6707
2029-11-23,0.0000,240.9754,81.0581,253.8746,284.4416,284.3648,222.8474,50.7653,77.1625,8.5270,308.2976,266.8691,86.8691,265.6584,85.6584
2029-11-24,0.0000,241.9858,93.1914,255.3813,285.1344,285.1307,223.0609,50.6861,77.1221,8.5129,308.3129,266.8161,86.8161,265.6648,85.6648
2029-11-25,0.0000,242.9967,105.4825,256.8831,285.8083,285.8974,223.2740,50.6074,77.0815,8.4993,308.3286,266.7632,86.7632,265.6838,85.6838
2029-11-26,0.0000,244.0080,117.9753,258.3796,286.4627,286.6649,223.4865,50.5292,77.0406,8.4862,308.3448,266.7102,86.7102,265.7074,85.7074
2029-11-27,0.0000,245.0197,130.7184,259.8704,287.0966,287.4333,223.6984,50.4515,76.9995,8.4736,308.3613,266.6573,86.6573,265.7278,85.7278
2029-11-28,0.0000,246.0319,143.7616,261.3548,287.7094,288.2023,223.9098,50.3745,76.9581,8.4615,308.3783,266.6043,86.6043,265.7386,85.7386
2029-11-29,0.0000,247.0444,157.1506,262.8321,288.3001,288.9722,224.1206,50.2980,76.9165,8.4498,308.3956,266.5514,86.5514,265.7361,85.7361
2029-11-30,0.0000,248.0575,170.9182,264.3013,288.8679,289.7428,224.3307,50.2223,76.8748,8.4387,308.4133,266.4984,86.4984,265.7199,85.7199
2029-12-01,0.0000,249.0709,185.0734,265.7614,289.4119,290.5142,224.5402,50.1473,76.8328,8.4281,308.4315,266.4455,86.4455,265.6926,85.6926
2029-12-02,0.0000,250.0847,199.5916,267.2109,289.9311,291.2863,224.7491,50.0731,76.7908,8.4180,308.4500,266.3925,86.3925,265.6586,85.6586
2029-12-03,0.0000,251.0990,214.4067,268.6483,290.4247,292.0592,224.9573,49.9997,76.7486,8.4085,308.4690,266.3395,86.3395,265.6239,85.6239
2029-12-04,0.0000,252.1136,229.4119,270.0716,290.8916,292.8329,225.1647,49.9272,76.7063,8.3995,308.4884,266.2866,86.2866,265.5936,85.5936
2029-12-05,0.0000,253.1286,244.4690,271.4787,291.3308,293.6072,225.3715,49.8556,76.6639,8.3911,308.5081,266.2336,86.2336,265.5719,85.5719
2029-12-06,0.0000,254.1439,259.4278,272.8669,291.7411,294.3823,225.5775,49.7850,76.6215,8.3833,308.5283,266.1807,86.1807,265.5605,85.5605
2029-12-07,0.0000,255.1595,274.1483,274.2330,292.1214,295.1580,225.7826,49.7154,76.5791,8.3760,308.5488,266.1277,86.1277,265.5591,85.5591
2029-12-08,0.0000,256.1754,288.5204,275.5734,292.4706,295.9343,225.9870,49.6468,76.5366,8.3693,308.5696,266.0748,86.0748,265.5655,85.5655
2029-12-09,0.0000,257.1914,302.4756,276.8838,292.7875,296.7112,226.1904,49.5793,76.4941,8.3631,308.5909,266.0218,86.0218,265.5760,85.5760
2029-12-10,0.0000,258.2077,315.9891,278.1595,293.0709,297.4886,226.3930,49.5129,76.4515,8.3574,308.6125,265.9689,85.9689,265.5871,85.5871
2029-12-11,0.0000,259.2241,329.0746,279.3947,293.3198,298.2666,226.5946,49.4476,76.4091,8.3523,308.6344,265.9159,85.9159,265.5956,85.5956
2029-12-12,0.0000,260.2406,341.7753,280.5830,293.5330,299.0452,226.7952,49.3836,76.3666,8.3478,308.6566,265.8630,85.8630,265.5998,85.5998
2029-12-13,0.0000,261.2574,354.1536,281.7168,293.7094,299.8242,226.9949,49.3207,76.3242,8.3438,308.6792,265.8100,85.8100,265.5996,85.5996
2029-12-14,0.0000,262.2742,6.2824,282.7877,293.8481,300.6037,227.1936,49.2591,76.2819,8.3404,308.7021,265.7571,85.7571,265.5959,85.5959
2029-12-15,0.0000,263.2912,18.2376,283.7861,293.9480,301.3836,227.3913,49.1988,76.2398,8.3375,308.7253,265.7041,85.7041,265.5910,85.5910
2029-12-16,0.0000,264.3084,30.0934,284.7011,294.0084,302.1640,227.5880,49.1398,76.1977,8.3353,308.7489,265.6511,85.6511,265.5868,85.5868
2029-12-17,0.0000,265.3256,41.9179,285.5207,294.0284,302.9449,227.7836,49.0822,76.1559,8.3336,308.7728,265.5982,85.5982,265.5849,85.5849
2029-12-18,0.0000,266.3431,53.7717,286.2319,294.0075,303.7262,227.9782,49.0259,76.1142,8.3325,308.7970,265.5452,85.5452,265.5858,85.5858
2029-12-19,0.0000,267.3606,65.7058,286.8204,293.9451,304.5079,228.1717,48.9711,76.0727,8.3320,308.8215,265.4923,85.4923,265.5885,85.5885
2029-12-20,0.0000,268.3783,77.7615,287.2715,293.8409,305.2900,228.3640,48.9177,76.0314,8.3321,308.8463,265.4393,85.4393,265.5913,85.5913
2029-12-21,0.0000,269.3962,89.9714,287.5704,293.6949,306.0724,228.5552,48.8658,75.9903,8.3328,308.8714,265.3864,85.3864,265.5918,85.5918
2029-12-22,0.0000,270.4142,102.3598,287.7024,293.5070,306.8552,228.7452,48.8154,75.9495,8.3340,308.8968,265.3334,85.3334,265.5878,85.5878
2029-12-23,0.0000,271.4323,114.9451,287.6547,293.2776,307.6384,228.9340,48.7665,75.9089,8.3359,308.9225,265.2805,85.2805,265.5782,85.5782
2029-12-24,0.0000,272.4506,127.7414,287.4172,293.0074,308.4219,229.1216,48.7191,75.8685,8.3383,308.9484,265.2275,85.2275,265.5634,85.5634
2029-12-25,0.0000,273.4690,140.7605,286.9837,292.6971,309.2058,229.3079,48.6732,75.8285,8.3412,308.9746,265.1746,85.1746,265.5451,85.5451
2029-12-26,0.0000,274.4876,154.0129,286.3543,292.3481,309.9899,229.4929,48.6289,75.7887,8.3447,309.0010,265.1216,85.1216,265.5265,85.5265
2029-12-27,0.0000,275.5064,167.5075,285.5361,291.9619,310.7744,229.6766,48.5862,75.7493,8.3488,309.0277,265.0687,85.0687,265.5114,85.5114
2029-12-28,0.0000,276.5252,181.2492,284.5448,291.5402,311.5592,229.8590,48.5452,75.7102,8.3535,309.0547,265.0157,85.0157,265.5033,85.5033
2029-12-29,0.0000,277.5443,195.2358,283.4049,291.0852,312.3443,230.0399,48.5058,75.6714,8.3588,309.0819,264.9627,84.9627,265.5041,85.5041
2029-12-30,0.0000,278.5635,209.4523,282.1497,290.5995,313.1297,230.2195,48.4680,75.6331,8.3646,309.1093,264.9098,84.9098,265.5140,85.5140
2029-12-31,0.0000,279.5828,223.8657,280.8190,290.0857,313.9153,230.3977,48.4320,75.5951,8.3711,309.1369,264.8568,84.8568,265.5307,85.5307
2030-01-01,0.0000,280.6023,238.4216,279.4569,289.5471,314.7013,230.5745,48.3978,75.5576,8.3781,309.1648,264.8039,84.8039,265.5499,85.5499
2030-01-02,0.0000,281.6219,253.0426,278.1086,288.9868,315.4876,230.7498,48.3652,75.5206,8.3858,309.1930,264.7509,84.7509,265.5657,85.5657
2030-01-03,0.0000,282.6416,267.6340,276.8166,288.4085,316.2741,230.9236,48.3345,75.4840,8.3940,309.2214,264.6980,84.6980,265.5723,85.5723
2030-01-04,0.0000,283.6613,282.0923,275.6186,287.8159,317.0607,231.0958,48.3055,75.4478,8.4028,309.2499,264.6450,84.6450,265.5649,85.5649
2030-01-05,0.0000,284.6809,296.3185,274.5449,287.2130,317.8476,231.2664,48.2783,75.4121,8.4122,309.2787,264.5921,84.5921,265.5408,85.5408
2030-01-06,0.0000,285.7006,310.2313,273.6175,286.6039,318.6346,231.4354,48.2529,75.3769,8.4221,309.3076,264.5391,84.5391,265.5008,85.5008
2030-01-07,0.0000,286.7201,323.7774,272.8506,285.9927,319.4217,231.6027,48.2292,75.3422,8.4326,309.3366,264.4862,84.4862,265.4486,85.4486
2030-01-08,0.0000,287.7396,336.9364,272.2509,285.3836,320.2090,231.7683,48.2074,75.3081,8.4437,309.3659,264.4332,84.4332,265.3908,85.3908
2030-01-09,0.0000,288.7589,349.7201,271.8193,284.7810,320.9963,231.9322,48.1874,75.2744,8.4553,309.3952,264.3803,84.3803,265.3354,85.3354
2030-01-10,0.0000,289.7781,2.1683,271.5519,284.1888,321.7836,232.0944,48.1693,75.2414,8.4674,309.4248,264.3273,84.3273,265.2902,85.2902
2030-01-11,0.0000,290.7972,14.3418,271.4413,283.6112,322.5711,232.2549,48.1530,75.2089,8.4801,309.4545,264.2743,84.2743,265.2614,85.2614
2030-01-12,0.0000,291.8161,26.3151,271.4783,283.0520,323.3585,232.4135,48.1386,75.1770,8.4934,309.4844,264.2214,84.2214,265.2518,85.2518
2030-01-13,0.0000,292.8349,38.1704,271.6521,282.5149,324.1459,232.5704,48.1261,75.1457,8.5073,309.5143,264.1684,84.1684,265.2601,85.2601
2030-01-14,0.0000,293.8535,49.9912,271.9519,282.0031,324.9334,232.7254,48.1154,75.1151,8.5217,309.5444,264.1155,84.1155,265.2809,85.2809
2030-01-15,0.0000,294.8719,61.8583,272.3665,281.5199,325.7208,232.8786,48.1067,75.0850,8.5366,309.5747,264.0625,84.0625,265.3054,85.3054
2030-01-16,0.0000,295.8902,73.8453,272.8854,281.0678,326.5082,233.0299,48.0998,75.0557,8.5521,309.6050,264.0096,84.0096,265.3233,85.3233
2030-01-17,0.0000,296.9083,86.0146,273.4985,280.6495,327.2956,233.1792,48.0948,75.0270,8.5682,309.6355,263.9566,83.9566,265.3246,85.3246
2030-01-18,0.0000,297.9262,98.4146,274.1967,280.2671,328.0828,233.3267,48.0917,74.9989,8.5848,309.6661,263.9037,83.9037,265.3017,85.3017
2030-01-19,0.0000,298.9440,111.0761,274.9715,279.9222,328.8700,233.4721,48.0904,74.9716,8.6019,309.6967,263.8507,83.8507,265.2512,85.2512
2030-01-20,0.0000,299.9616,124.0111,275.8154,279.6163,329.6571,233.6156,48.0911,74.9449,8.6195,309.7274,263.7978,83.7978,265.1747,85.1747
2030-01-21,0.0000,300.9789,137.2126,276.7213,279.3506,330.4440,233.7570,48.0936,74.9189,8.6376,309.7582,263.7448,83.7448,265.0790,85.0790
2030-01-22,0.0000,301.9962,150.6574,277.6833,279.1260,331.2309,233.8964,48.0979,74.8936,8.6562,309.7891,263.6919,83.6919,264.9745,84.9745
2030-01-23,0.0000,303.0132,164.3102,278.6958,278.9429,332.0176,234.0337,48.1042,74.8690,8.6754,309.8200,263.6389,83.6389,264.8737,84.8737
2030-01-24,0.0000,304.0301,178.1306,279.7541,278.8017,332.8042,234.1689,48.1123,74.8451,8.6950,309.8509,263.5860,83.5860,264.7885,84.7885
2030-01-25,0.0000,305.0469,192.0786,280.8540,278.7023,333.5907,234.3019,48.1223,74.8220,8.7151,309.8819,263.5330,83.5330,264.7278,84.7278
2030-01-26,0.0000,306.0635,206.1197,281.9916,278.6447,334.3771,234.4328,48.1341,74.7996,8.7357,309.9129,263.4800,83.4800,264.6957,84.6957
2030-01-27,0.0000,307.0801,220.2258,283.1638,278.6284,335.1633,234.5614,48.1479,74.7780,8.7569,309.9440,263.4271,83.4271,264.6901,84.6901
2030-01-28,0.0000,308.0964,234.3738,284.3675,278.6528,335.9494,234.6879,48.1636,74.7572,8.7785,309.9751,263.3741,83.3741,264.7033,84.7033
2030-01-29,0.0000,309.1127,248.5404,285.6002,278.7173,336.7353,234.8121,48.1811,74.7372,8.8007,310.0063,263.3212,83.3212,264.7232,84.7232
2030-01-30,0.0000,310.1287,262.6972,286.8598,278.8210,337.5211,234.9340,48.2005,74.7180,8.8233,310.0375,263.2682,83.2682,264.7352,84.7352
2030-01-31,0.0000,311.1446,276.8054,288.1441,278.9630,338.3067,235.0536,48.2218,74.6995,8.8464,310.0686,263.2153,83.2153,264.7258,84.7258
2030-02-01,0.0000,312.1602,290.8151,289.4517,279.1422,339.0921,235.1708,48.2450,74.6819,8.8700,310.0998,263.1623,83.1623,264.6845,84.6845
2030-02-02,0.0000,313.1756,304.6681,290.7808,279.3577,339.8773,235.2856,48.2700,74.6651,8.8940,310.1309,263.1094,83.1094,264.6066,84.6066
2030-02-03,0.0000,314.1907,318.3045,292.1304,279.6083,340.6622,235.3979,48.2968,74.6491,8.9184,310.1620,263.0564,83.0564,264.4943,84.4943
2030-02-04,0.0000,315.2054,331.6726,293.4992,279.8929,341.4468,235.5078,48.3255,74.6339,8.9433,310.1931,263.0035,83.0035,264.3560,84.3560
2030-02-05,0.0000,316.2198,344.7376,294.8863,280.2105,342.2311,235.6151,48.3560,74.6196,8.9686,310.2241,262.9505,82.9505,264.2055,84.2055
2030-02-06,0.0000,317.2338,357.4877,296.2910,280.5600,343.0151,235.7200,48.3883,74.6060,8.9944,310.2550,262.8976,82.8976,264.0589,84.0589
2030-02-07,0.0000,318.2475,9.9371,297.7125,280.9402,343.7988,235.8223,48.4224,74.5934,9.0206,310.2859,262.8446,82.8446,263.9314,83.9314
2030-02-08,0.0000,319.2607,22.1243,299.1504,281.3502,344.5822,235.9221,48.4583,74.5816,9.0472,310.3167,262.7916,82.7916,263.8349,83.8349
2030-02-09,0.0000,320.2736,34.1086,300.6041,281.7888,345.3651,236.0193,48.4960,74.5706,9.0742,310.3475,262.7387,82.7387,263.7747,83.7747
2030-02-10,0.0000,321.2861,45.9648,302.0733,282.2550,346.1477,236.1139,48.5355,74.5606,9.1016,310.3782,262.6857,82.6857,263.7490,83.7490
2030-02-11,0.0000,322.2981,57.7781,303.5577,282.7478,346.9300,236.2058,48.5768,74.5514,9.1295,310.4089,262.6328,82.6328,263.7484,83.7484
2030-02-12,0.0000,323.3097,69.6386,305.0570,283.2663,347.7118,236.2951,48.6198,74.5431,9.1577,310.4394,262.5798,82.5798,263.7585,83.7585
2030-02-13,0.0000,324.3208,81.6360,306.5712,283.8095,348.4932,236.3818,48.6645,74.5356,9.1864,310.4699,262.5269,82.5269,263.7616,83.7616
2030-02-14,0.0000,325.3315,93.8535,308.1001,284.3765,349.2741,236.4657,48.7110,74.5291,9.2154,310.5002,262.4739,82.4739,263.7409,83.7409
2030-02-15,0.0000,326.3417,106.3620,309.6436,284.9663,350.0546,236.5470,48.7592,74.5234,9.2448,310.5304,262.4210,82.4210,263.6838,83.6838
2030-02-16,0.0000,327.3515,119.2121,311.2018,285.5781,350.8347,236.6254,48.8091,74.5186,9.2745,310.5605,262.3680,82.3680,263.5840,83.5840
2030-02-17,0.0000,328.3608,132.4278,312.7747,286.2111,351.6142,236.7011,48.8606,74.5147,9.3046,310.5905,262.3151,82.3151,263.4433,83.4433
2030-02-18,0.0000,329.3697,146.0007,314.3625,286.8644,352.3933,236.7740,48.9138,74.5116,9.3350,310.6204,262.2621,82.2621,263.2715,83.2715
2030-02-19,0.0000,330.3781,159.8886,315.9652,287.5373,353.1719,236.8441,48.9686,74.5094,9.3658,310.6500,262.2092,82.2092,263.0840,83.0840
2030-02-20,0.0000,331.3862,174.0204,317.5829,288.2291,353.9499,236.9113,49.0251,74.5081,9.3969,310.6795,262.1562,82.1562,262.8996,82.8996
2030-02-21,0.0000,332.3938,188.3064,319.2160,288.9390,354.7275,236.9757,49.0831,74.5077,9.4283,310.7089,262.1032,82.1032,262.7363,82.7363
2030-02-22,0.0000,333.4010,202.6535,320.8645,289.6663,355.5047,237.0372,49.1428,74.5082,9.4600,310.7381,262.0503,82.0503,262.6081,82.6081
2030-02-23,0.0000,334.4079,216.9801,322.5288,290.4103,356.2813,237.0958,49.2040,74.5096,9.4920,310.7671,261.9973,81.9973,262.5220,82.5220
2030-02-24,0.0000,335.4144,231.2256,324.2090,291.1704,357.0575,237.1515,49.2669,74.5118,9.5244,310.7961,261.9444,81.9444,262.4765,82.4765
2030-02-25,0.0000,336.4205,245.3535,325.9054,291.9459,357.8332,237.2043,49.3313,74.5150,9.5571,310.8248,261.8914,81.8914,262.4621,82.4621
2030-02-26,0.0000,337.4263,259.3476,327.6182,292.7362,358.6084,237.2541,49.3973,74.5191,9.5901,310.8533,261.8385,81.8385,262.4625,82.4625
2030-02-27,0.0000,338.4317,273.2040,329.3476,293.5406,359.3831,237.3009,49.4648,74.5241,9.6234,310.8817,261.7855,81.7855,262.4585,82.4585
2030-02-28,0.0000,339.4367,286.9219,331.0938,294.3585,0.1573,237.3447,49.5338,74.5300,9.6569,310.9098,261.7326,81.7326,262.4312,82.4312
2030-03-01,0.0000,340.4412,300.4963,332.8571,295.1894,0.9309,237.3855,49.6044,74.5367,9.6907,310.9378,261.6796,81.6796,262.3658,82.3658
2030-03-02,0.0000,341.4453,313.9143,334.6376,296.0328,1.7040,237.4231,49.6764,74.5443,9.7248,310.9655,261.6267,81.6267,262.2549,82.2549
2030-03-03,0.0000,342.4490,327.1546,336.4354,296.8880,2.4766,237.4577,49.7498,74.5528,9.7591,310.9930,261.5737,81.5737,262.0995,82.0995
2030-03-04,0.0000,343.4521,340.1922,338.2507,297.7546,3.2485,237.4892,49.8247,74.5622,9.7936,311.0202,261.5208,81.5208,261.9094,81.9094
2030-03-05,0.0000,344.4548,353.0046,340.0833,298.6322,4.0198,237.5176,49.9011,74.5725,9.8284,311.0472,261.4678,81.4678,261.7010,81.7010
2030-03-06,0.0000,345.4569,5.5789,341.9334,299.5203,4.7906,237.5429,49.9788,74.5836,9.8633,311.0739,261.4148,81.4148,261.4943,81.4943
2030-03-07,0.0000,346.4585,17.9176,343.8007,300.4185,5.5607,237.5651,50.0580,74.5957,9.8985,311.1004,261.3619,81.3619,261.3090,81.3090
2030-03-08,0.0000,347.4596,30.0418,345.6849,301.3264,6.3302,237.5842,50.1385,74.6086,9.9339,311.1266,261.3089,81.3089,261.1605,81.1605
2030-03-09,0.0000,348.4601,41.9921,347.5856,302.2437,7.0990,237.6002,50.2204,74.6224,9.9696,311.1527,261.2560,81.2560,261.0572,81.0572
2030-03-10,0.0000,349.4600,53.8272,349.5021,303.1700,7.8672,237.6130,50.3036,74.6370,10.0054,311.1784,261.2030,81.2030,260.9984,80.9984
2030-03-11,0.0000,350.4593,65.6207,351.4336,304.1049,8.6347,237.6227,50.3882,74.6526,10.0414,311.2039,261.1501,81.1501,260.9749,80.9749
2030-03-12,0.0000,351.4581,77.4578,353.3790,305.0482,9.4016,237.6293,50.4741,74.6690,10.0776,311.2290,261.0971,81.0971,260.9704,80.9704
2030-03-13,0.0000,352.4562,89.4302,355.3368,305.9996,10.1677,237.6328,50.5612,74.6863,10.1139,311.2539,261.0442,81.0442,260.9649,80.9649
2030-03-14,0.0000,353.4537,101.6307,357.3052,306.9588,10.9332,237.6331,50.6496,74.7044,10.1504,311.2786,260.9912,80.9912,260.9385,80.9385
2030-03-15,0.0000,354.4506,114.1461,359.2821,307.9254,11.6979,237.6303,50.7392,74.7234,10.1871,311.3029,260.9383,80.9383,260.8755,80.8755
2030-03-16,0.0000,355.4469,127.0485,1.2648,308.8993,12.4619,237.6244,50.8301,74.7431,10.2239,311.3269,260.8853,80.8853,260.7672,80.7672
2030-03-17,0.0000,356.4426,140.3842,3.2503,309.8802,13.2251,237.6153,50.9221,74.7638,10.2608,311.3506,260.8324,80.8324,260.6139,80.6139
2030-03-18,0.0000,357.4376,154.1629,5.2347,310.8679,13.9877,237.6031,51.0153,74.7852,10.2978,311.3739,260.7794,80.7794,260.4247,80.4247
2030-03-19,0.0000,358.4321,168.3497,7.2141,311.8621,14.7494,237.5878,51.1096,74.8074,10.3349,311.3970,260.7264,80.7264,260.2156,80.2156
2030-03-20,0.0000,359.4259,182.8636,9.1835,312.8627,15.5104,237.5694,51.2051,74.8304,10.3721,311.4197,260.6735,80.6735,260.0066,80.0066
2030-03-21,0.0000,0.4193,197.5863,11.1376,313.8695,16.2707,237.5479,51.3016,74.8543,10.4094,311.4421,260.6205,80.6205,259.8176,79.8176
2030-03-22,0.0000,1.4121,212.3812,13.0706,314.8822,17.0303,237.5233,51.3993,74.8790,10.4468,311.4642,260.5676,80.5676,259.6648,79.6648
2030-03-23,0.0000,2.4044,227.1167,14.9761,315.9007,17.7892,237.4957,51.4981,74.9044,10.4843,311.4859,260.5146,80.5146,259.5572,79.5572
2030-03-24,0.0000,3.3962,241.6868,16.8475,316.9249,18.5474,237.4649,51.5980,74.9307,10.5219,311.5073,260.4617,80.4617,259.4952,79.4952
2030-03-25,0.0000,4.3876,256.0215,18.6775,317.9544,19.3049,237.4312,51.6990,74.9578,10.5596,311.5284,260.4087,80.4087,259.4704,79.4704
2030-03-26,0.0000,5.3785,270.0878,20.4592,318.9891,20.0616,237.3943,51.8010,74.9857,10.5974,311.5491,260.3558,80.3558,259.4675,79.4675
2030-03-27,0.0000,6.3689,283.8815,22.1852,320.0288,20.8176,237.3545,51.9040,75.0143,10.6352,311.5695,260.3028,80.3028,259.4672,79.4672
2030-03-28,0.0000,7.3588,297.4169,23.8485,321.0732,21.5729,237.3116,52.0080,75.0437,10.6730,311.5896,260.2499,80.2499,259.4499,79.4499
2030-03-29,0.0000,8.3483,310.7155,25.4421,322.1223,22.3275,237.2656,52.1129,75.0738,10.7109,311.6092,260.1969,80.1969,259.3998,79.3998
2030-03-30,0.0000,9.3372,323.7983,26.9596,323.1758,23.0813,237.2167,52.2188,75.1047,10.7487,311.6285,260.1440,80.1440,259.3079,79.3079
2030-03-31,0.0000,10.3256,336.6809,28.3949,324.2336,23.8343,237.1648,52.3256,75.1363,10.7866,311.6473,260.0910,80.0910,259.1733,79.1733
2030-04-01,0.0000,11.3134,349.3729,29.7424,325.2955,24.5866,237.1100,52.4334,75.1687,10.8244,311.6658,260.0381,80.0381,259.0040,79.0040
2030-04-02,0.0000,12.3007,1.8795,30.9971,326.3613,25.3381,237.0523,52.5420,75.2018,10.8622,311.6839,259.9851,79.9851,258.8146,78.8146
2030-04-03,0.0000,13.2875,14.2058,32.1545,327.4310,26.0888,236.9917,52.6516,75.2356,10.9001,311.7016,259.9321,79.9321,258.6237,78.6237
2030-04-04,0.0000,14.2737,26.3610,33.2107,328.5043,26.8388,236.9283,52.7620,75.2701,10.9379,311.7189,259.8792,79.8792,258.4503,78.4503
2030-04-05,0.0000,15.2593,38.3631,34.1623,329.5812,27.5879,236.8620,52.8732,75.3053,10.9757,311.7358,259.8262,79.8262,258.3100,78.3100
2030-04-06,0.0000,16.2444,50.2421,35.0066,330.6615,28.3363,236.7931,52.9853,75.3413,11.0135,311.7524,259.7733,79.7733,258.2120,78.2120
2030-04-07,0.0000,17.2289,62.0416,35.7411,331.7452,29.0838,236.7215,53.0982,75.3779,11.0513,311.7685,259.7203,79.7203,258.1573,78.1573
2030-04-08,0.0000,18.2127,73.8189,36.3644,332.8321,29.8306,236.6472,53.2119,75.4152,11.0890,311.7842,259.6674,79.6674,258.1390,78.1390
2030-04-09,0.0000,19.1959,85.6441,36.8754,333.9221,30.5765,236.5702,53.3263,75.4532,11.1266,311.7996,259.6144,79.6144,258.1437,78.1437
2030-04-10,0.0000,20.1785,97.5978,37.2735,335.0151,31.3216,236.4908,53.4415,75.4919,11.1642,311.8145,259.5615,79.5615,258.1536,78.1536
2030-04-11,0.0000,21.1605,109.7669,37.5592,336.1110,32.0658,236.4088,53.5574,75.5312,11.2017,311.8290,259.5085,79.5085,258.1512,78.1512
2030-04-12,0.0000,22.1418,122.2393,37.7336,337.2098,32.8091,236.3243,53.6740,75.5711,11.2391,311.8431,259.4556,79.4556,258.1215,78.1215
2030-04-13,0.0000,23.1225,135.0959,37.7987,338.3113,33.5516,236.2374,53.7912,75.6117,11.2763,311.8567,259.4026,79.4026,258.0557,78.0557
2030-04-14,0.0000,24.1026,148.3999,37.7574,339.4155,34.2932,236.1482,53.9091,75.6528,11.3135,311.8699,259.3497,79.3497,257.9525,77.9525
2030-04-15,0.0000,25.0820,162.1841,37.6140,340.5223,35.0340,236.0566,54.0276,75.6946,11.3505,311.8827,259.2967,79.2967,257.8180,77.8180
2030-04-16,0.0000,26.0608,176.4383,37.3736,341.6317,35.7738,235.9628,54.1468,75.7369,11.3874,311.8951,259.2437,79.2437,257.6649,77.6649
2030-04-17,0.0000,27.0390,191.1007,37.0429,342.7436,36.5128,235.8669,54.2665,75.7798,11.4242,311.9070,259.1908,79.1908,257.5093,77.5093
2030-04-18,0.0000,28.0167,206.0592,36.6295,343.8580,37.2510,235.7688,54.3868,75.8234,11.4609,311.9185,259.1378,79.1378,257.3678,77.3678
2030-04-19,0.0000,28.9938,221.1645,36.1425,344.9748,37.9884,235.6686,54.5077,75.8675,11.4974,311.9295,259.0849,79.0849,257.2542,77.2542
2030-04-20,0.0000,29.9704,236.2545,35.5920,346.0940,38.7249,235.5665,54.6291,75.9121,11.5338,311.9401,259.0319,79.0319,257.1769,77.1769
2030-04-21,0.0000,30.9466,251.1808,34.9891,347.2155,39.4606,235.4624,54.7512,75.9574,11.5701,311.9504,258.9790,78.9790,257.1376,77.1376
2030-04-22,0.0000,31.9223,265.8299,34.3458,348.3393,40.1955,235.3565,54.8737,76.0032,11.6062,311.9602,258.9260,78.9260,257.1309,77.1309
2030-04-23,0.0000,32.8975,280.1324,33.6745,349.4652,40.9296,235.2487,54.9967,76.0495,11.6421,311.9696,258.8731,78.8731,257.1454,77.1454
2030-04-24,0.0000,33.8723,294.0609,32.9880,350.5932,41.6628,235.1392,55.1202,76.0964,11.6779,311.9785,258.8201,78.8201,257.1668,77.1668
2030-04-25,0.0000,34.8466,307.6216,32.2990,351.7233,42.3952,235.0279,55.2442,76.1437,11.7134,311.9869,258.7672,78.7672,257.1800,77.1800
2030-04-26,0.0000,35.8205,320.8420,31.6201,352.8552,43.1268,234.9151,55.3686,76.1916,11.7487,311.9948,258.7142,78.7142,257.1724,77.1724
2030-04-27,0.0000,36.7939,333.7609,30.9630,353.9891,43.8576,234.8007,55.4934,76.2399,11.7839,312.0023,258.6613,78.6613,257.1363,77.1363
2030-04-28,0.0000,37.7669,346.4200,30.3387,355.1248,44.5875,234.6848,55.6186,76.2887,11.8188,312.0094,258.6083,78.6083,257.0702,77.0702
2030-04-29,0.0000,38.7394,358.8591,29.7573,356.2622,45.3167,234.5675,55.7442,76.3380,11.8534,312.0160,258.5553,78.5553,256.9787,76.9787
2030-04-30,0.0000,39.7115,11.1135,29.2274,357.4013,46.0449,234.4490,55.8702,76.3877,11.8879,312.0222,258.5024,78.5024,256.8716,76.8716
2030-05-01,0.0000,40.6831,23.2143,28.7567,358.5421,46.7724,234.3292,55.9965,76.4379,11.9221,312.0278,258.4494,78.4494,256.7616,76.7616
2030-05-02,0.0000,41.6543,35.1896,28.3514,359.6844,47.4990,234.2084,56.1232,76.4886,11.9561,312.0331,258.3965,78.3965,256.6620,76.6620
2030-05-03,0.0000,42.6250,47.0678,28.0163,0.8283,48.2248,234.0865,56.2502,76.5396,11.9898,312.0378,258.3435,78.3435,256.5837,76.5837
2030-05-04,0.0000,43.5952,58.8796,27.7552,1.9736,48.9498,233.9636,56.3775,76.5912,12.0233,312.0422,258.2906,78.2906,256.5336,76.5336
2030-05-05,0.0000,44.5649,70.6614,27.5708,3.1204,49.6739,233.8399,56.5050,76.6431,12.0566,312.0461,258.2376,78.2376,256.5130,76.5130
2030-05-06,0.0000,45.5341,82.4573,27.4646,4.2686,50.3971,233.7155,56.6329,76.6955,12.0895,312.0496,258.1847,78.1847,256.5179,76.5179
2030-05-07,0.0000,46.5029,94.3203,27.4374,5.4181,51.1195,233.5903,56.7610,76.7482,12.1222,312.0526,258.1317,78.1317,256.5401,76.5401
2030-05-08,0.0000,47.4711,106.3120,27.4892,6.5690,51.8410,233.4646,56.8892,76.8013,12.1546,312.0551,258.0788,78.0788,256.5685,76.5685
2030-05-09,0.0000,48.4387,118.5019,27.6194,7.7211,52.5616,233.3383,57.0177,76.8547,12.1867,312.0571,258.0258,78.0258,256.5921,76.5921
2030-05-10,0.0000,49.4059,130.9638,27.8268,8.8744,53.2813,233.2117,57.1464,76.9085,12.2185,312.0587,257.9729,77.9729,256.6014,76.6014
2030-05-11,0.0000,50.3725,143.7702,28.1100,10.0289,54.0001,233.0847,57.2752,76.9627,12.2500,312.0599,257.9199,77.9199,256.5910,76.5910
2030-05-12,0.0000,51.3386,156.9853,28.4672,11.1846,54.7180,232.9575,57.4041,77.0171,12.2811,312.0606,257.8669,77.8669,256.5595,76.5595
2030-05-13,0.0000,52.3041,170.6532,28.8964,12.3415,55.4351,232.8301,57.5331,77.0719,12.3119,312.0608,257.8140,77.8140,256.5104,76.5104
2030-05-14,0.0000,53.2692,184.7865,29.3955,13.4995,56.1512,232.7027,57.6622,77.1269,12.3424,312.0605,257.7610,77.7610,256.4503,76.4503
2030-05-15,0.0000,54.2338,199.3549,29.9623,14.6587,56.8665,232.5753,57.7915,77.1823,12.3726,312.0598,257.7081,77.7081,256.3882,76.3882
2030-05-16,0.0000,55.1979,214.2788,30.5947,15.8190,57.5809,232.4480,57.9208,77.2379,12.4024,312.0587,257.6551,77.6551,256.3329,76.3329
2030-05-17,0.0000,56.1616,229.4329,31.2904,16.9805,58.2945,232.3210,58.0501,77.2938,12.4319,312.0572,257.6022,77.6022,256.2916,76.2916
2030-05-18,0.0000,57.1249,244.6609,32.0475,18.1431,59.0073,232.1943,58.1796,77.3501,12.4611,312.0552,257.5492,77.5492,256.2686,76.2686
2030-05-19,0.0000,58.0878,259.7990,32.8637,19.3069,59.7192,232.0680,58.3090,77.4065,12.4899,312.0528,257.4963,77.4963,256.2644,76.2644
2030-05-20,0.0000,59.0504,274.7008,33.7373,20.4717,60.4303,231.9421,58.4385,77.4633,12.5184,312.0500,257.4433,77.4433,256.2761,76.2761
2030-05-21,0.0000,60.0126,289.2560,34.6662,21.6376,61.1406,231.8168,58.5679,77.5202,12.5465,312.0467,257.3904,77.3904,256.2984,76.2984
2030-05-22,0.0000,60.9745,303.3995,35.6489,22.8046,61.8500,231.6920,58.6973,77.5774,12.5742,312.0429,257.3374,77.3374,256.3243,76.3243
2030-05-23,0.0000,61.9362,317.1093,36.6836,23.9725,62.5587,231.5679,58.8267,77.6347,12.6015,312.0387,257.2845,77.2845,256.3474,76.3474
2030-05-24,0.0000,62.8975,330.3995,37.7690,25.1415,63.2665,231.4447,58.9560,77.6923,12.6285,312.0341,257.2315,77.2315,256.3623,76.3623
2030-05-25,0.0000,63.8585,343.3089,38.9037,26.3114,63.9735,231.3222,59.0852,77.7500,12.6550,312.0290,257.1785,77.1785,256.3663,76.3663
2030-05-26,0.0000,64.8192,355.8908,40.0865,27.4823,64.6794,231.2007,59.2144,77.8079,12.6811,312.0235,257.1256,77.1256,256.3593,76.3593
2030-05-27,0.0000,65.7797,8.2050,41.3164,28.6541,65.3848,231.0803,59.3434,77.8660,12.7068,312.0175,257.0726,77.0726,256.3438,76.3438
2030-05-28,0.0000,66.7400,20.3112,42.5924,29.8268,66.0894,230.9610,59.4723,77.9242,12.7321,312.0111,257.0197,77.0197,256.3237,76.3237
2030-05-29,0.0000,67.6999,32.2660,43.9138,31.0003,66.7932,230.8428,59.6010,77.9826,12.7570,312.0043,256.9667,76.9667,256.3035,76.3035
2030-05-30,0.0000,68.6596,44.1206,45.2798,32.1747,67.4962,230.7260,59.7296,78.0411,12.7815,311.9971,256.9138,76.9138,256.2874,76.2874
2030-05-31,0.0000,69.6190,55.9208,46.6899,33.3500,68.1984,230.6106,59.8581,78.0998,12.8056,311.9895,256.8608,76.8608,256.2780,76.2780
2030-06-01,0.0000,70.5781,67.7078,48.1437,34.5260,68.8998,230.4967,59.9863,78.1585,12.8292,311.9814,256.8079,76.8079,256.2763,76.2763
2030-06-02,0.0000,71.5370,79.5202,49.6407,35.7028,69.6004,230.3842,60.1143,78.2174,12.8524,311.9730,256.7549,76.7549,256.2813,76.2813
2030-06-03,0.0000,72.4956,91.3958,51.1807,36.8803,70.3001,230.2734,60.2420,78.2764,12.8752,311.9641,256.7020,76.7020,256.2910,76.2910
2030-06-04,0.0000,73.4538,103.3734,52.7633,38.0586,70.9990,230.1643,60.3695,78.3354,12.8975,311.9549,256.6490,76.6490,256.3024,76.3024
2030-06-05,0.0000,74.4117,115.4952,54.3885,39.2376,71.6971,230.0569,60.4968,78.3945,12.9194,311.9452,256.5961,76.5961,256.3129,76.3129
2030-06-06,0.0000,75.3694,127.8070,56.0559,40.4173,72.3944,229.9513,60.6237,78.4537,12.9408,311.9352,256.5431,76.5431,256.3207,76.3207
2030-06-07,0.0000,76.3267,140.3581,57.7655,41.5976,73.0908,229.8476,60.7502,78.5128,12.9617,311.9247,256.4902,76.4902,256.3256,76.3256
2030-06-08,0.0000,77.2836,153.1989,59.5168,42.7787,73.7863,229.7459,60.8765,78.5721,12.9821,311.9138,256.4372,76.4372,256.3281,76.3281
2030-06-09,0.0000,78.2403,166.3773,61.3097,43.9603,74.4810,229.6462,61.0024,78.6314,13.0021,311.9025,256.3842,76.3842,256.3302,76.3302
2030-06-10,0.0000,79.1966,179.9316,63.1437,45.1427,75.1749,229.5485,61.1279,78.6901,13.0216,311.8909,256.3313,76.3313,256.3336,76.3336
2030-06-11,0.0000,80.1526,193.8823,65.0180,46.3257,75.8679,229.4530,61.2530,78.7494,13.0406,311.8789,256.2783,76.2783,256.3399,76.3399
2030-06-12,0.0000,81.1083,208.2225,66.9320,47.5094,76.5602,229.3597,61.3777,78.8086,13.0591,311.8665,256.2254,76.2254,256.3497,76.3497
2030-06-13,0.0000,82.0638,222.9093,68.8843,48.6938,77.2516,229.2686,61.5020,78.8678,13.0772,311.8538,256.1724,76.1724,256.3619,76.3619
2030-06-14,0.0000,83.0190,237.8604,70.8737,49.8788,77.9422,229.1798,61.6259,78.9269,13.0948,311.8407,256.1195,76.1195,256.3745,76.3745
2030-06-15,0.0000,83.9741,252.9565,72.8983,51.0646,78.6321,229.0934,61.7494,78.9860,13.1119,311.8273,256.0665,76.0665,256.3846,76.3846
2030-06-16,0.0000,84.9289,268.0542,74.9558,52.2511,79.3212,229.0094,61.8724,79.0450,13.1285,311.8135,256.0136,76.0136,256.3891,76.3891
2030-06-17,0.0000,85.8836,283.0048,77.0436,53.4383,80.0095,228.9278,61.9950,79.1040,13.1447,311.7995,255.9606,75.9606,256.3859,76.3859
2030-06-18,0.0000,86.8381,297.6756,79.1586,54.6263,80.6970,228.8486,62.1170,79.1629,13.1603,311.7850,255.9077,75.9077,256.3744,76.3744
2030-06-19,0.0000,87.7925,311.9674,81.2972,55.8149,81.3837,228.7720,62.2385,79.2216,13.1754,311.7702,255.8547,75.8547,256.3560,76.3560
2030-06-20,0.0000,88.7467,325.8235,83.4556,57.0042,82.0697,228.6978,62.3594,79.2803,13.1900,311.7551,255.8018,75.8018,256.3338,76.3338
2030-06-21,0.0000,89.7009,339.2302,85.6295,58.1942,82.7550,228.6263,62.4798,79.3388,13.2040,311.7396,255.7488,75.7488,256.3122,76.3122
2030-06-22,0.0000,90.6551,352.2101,87.8143,59.3849,83.4395,228.5573,62.5997,79.3972,13.2176,311.7238,255.6958,75.6958,256.2961,76.2961
2030-06-23,0.0000,91.6092,4.8129,90.0055,60.5764,84.1232,228.4910,62.7189,79.4554,13.2306,311.7077,255.6429,75.6429,256.2896,76.2896
2030-06-24,0.0000,92.5632,17.1048,92.1984,61.7685,84.8063,228.4274,62.8376,79.5135,13.2431,311.6912,255.5899,75.5899,256.2948,76.2948
2030-06-25,0.0000,93.5173,29.1599,94.3883,62.9612,85.4886,228.3666,62.9557,79.5715,13.2551,311.6745,255.5370,75.5370,256.3114,76.3114
2030-06-26,0.0000,94.4713,41.0536,96.5709,64.1547,86.1702,228.3085,63.0731,79.6293,13.2665,311.6575,255.4840,75.4840,256.3360,76.3360
2030-06-27,0.0000,95.4253,52.8581,98.7420,65.3488,86.8511,228.2533,63.1899,79.6870,13.2775,311.6402,255.4311,75.4311,256.3633,76.3633
2030-06-28,0.0000,96.3793,64.6387,100.8977,66.5436,87.5313,228.2009,63.3061,79.7444,13.2879,311.6226,255.3781,75.3781,256.3860,76.3860
2030-06-29,0.0000,97.3333,76.4527,103.0348,67.7390,88.2107,228.1513,63.4215,79.8017,13.2978,311.6048,255.3252,75.3252,256.3972,76.3972
2030-06-30,0.0000,98.2872,88.3485,105.1502,68.9350,88.8894,228.1047,63.5363,79.8587,13.3072,311.5867,255.2722,75.2722,256.3914,76.3914
2030-07-01,0.0000,99.2411,100.3655,107.2412,70.1317,89.5674,228.0610,63.6503,79.9156,13.3160,311.5683,255.2193,75.2193,256.3660,76.3660
2030-07-02,0.0000,100.1949,112.5357,109.3059,71.3289,90.2446,228.0202,63.7635,79.9721,13.3243,311.5497,255.1663,75.1663,256.3219,76.3219
2030-07-03,0.0000,101.1487,124.8850,111.3424,72.5268,90.9211,227.9823,63.8760,80.0285,13.3320,311.5308,255.1134,75.1134,256.2639,76.2639
2030-07-04,0.0000,102.1025,137.4351,113.3493,73.7252,91.5968,227.9474,63.9877,80.0845,13.3392,311.5116,255.0604,75.0604,256.1997,76.1997
2030-07-05,0.0000,103.0561,150.2061,115.3256,74.9242,92.2718,227.9155,64.0986,80.1403,13.3458,311.4922,255.0074,75.0074,256.1385,76.1385
2030-07-06,0.0000,104.0097,163.2170,117.2703,76.1237,92.9460,227.8866,64.2086,80.1958,13.3519,311.4725,254.9545,74.9545,256.0893,76.0893
2030-07-07,0.0000,104.9632,176.4869,119.1830,77.3238,93.6194,227.8607,64.3178,80.2509,13.3574,311.4526,254.9015,74.9015,256.0587,76.0587
2030-07-08,0.0000,105.9167,190.0326,121.0631,78.5245,94.2921,227.8378,64.4262,80.3058,13.3624,311.4326,254.8486,74.8486,256.0500,76.0500
2030-07-09,0.0000,106.8701,203.8656,122.9105,79.7257,94.9641,227.8179,64.5337,80.3604,13.3668,311.4123,254.7956,74.7956,256.0613,76.0613
2030-07-10,0.0000,107.8235,217.9861,124.7249,80.9276,95.6353,227.8011,64.6403,80.4146,13.3707,311.3918,254.7427,74.7427,256.0866,76.0866
2030-07-11,0.0000,108.7768,232.3757,126.5064,82.1301,96.3058,227.7873,64.7460,80.4686,13.3741,311.3712,254.6897,74.6897,256.1161,76.1161
2030-07-12,0.0000,109.7301,246.9911,128.2549,83.3331,96.9756,227.7765,64.8509,80.5222,13.3769,311.3503,254.6368,74.6368,256.1382,76.1382
2030-07-13,0.0000,110.6835,261.7594,129.9703,84.5368,97.6447,227.7688,64.9548,80.5754,13.3792,311.3294,254.5838,74.5838,256.1420,76.1420
2030-07-14,0.0000,111.6368,276.5800,131.6528,85.7412,98.3131,227.7642,65.0577,80.6283,13.3810,311.3083,254.5309,74.5309,256.1191,76.1191
2030-07-15,0.0000,112.5902,291.3330,133.3023,86.9461,98.9808,227.7625,65.1597,80.6808,13.3822,311.2870,254.4779,74.4779,256.0661,76.0661
2030-07-16,0.0000,113.5437,305.8946,134.9187,88.1517,99.6477,227.7638,65.2607,80.7329,13.3829,311.2655,254.4250,74.4250,255.9847,75.9847
2030-07-17,0.0000,114.4973,320.1551,136.5022,89.3579,100.3140,227.7681,65.3607,80.7847,13.3830,311.2438,254.3720,74.3720,255.8824,75.8824
2030-07-18,0.0000,115.4510,334.0347,138.0525,90.5648,100.9797,227.7754,65.4597,80.8359,13.3825,311.2220,254.3190,74.3190,255.7706,75.7706
2030-07-19,0.0000,116.4048,347.4922,139.5695,91.7724,101.6446,227.7857,65.5576,80.8868,13.3815,311.2000,254.2661,74.2661,255.6629,75.6629
2030-07-20,0.0000,117.3588,0.5263,141.0531,92.9807,102.3089,227.7989,65.6544,80.9373,13.3800,311.1780,254.2131,74.2131,255.5721,75.5721
2030-07-21,0.0000,118.3131,13.1703,142.5029,94.1896,102.9726,227.8152,65.7503,80.9873,13.3779,311.1558,254.1602,74.1602,255.5077,75.5077
2030-07-22,0.0000,119.2675,25.4834,143.9185,95.3992,103.6356,227.8345,65.8450,81.0369,13.3753,311.1335,254.1072,74.1072,255.4741,75.4741
2030-07-23,0.0000,120.2222,37.5412,145.2995,96.6095,104.2980,227.8568,65.9386,81.0860,13.3721,311.1111,254.0543,74.0543,255.4691,75.4691
2030-07-24,0.0000,121.1771,49.4280,146.6453,97.8205,104.9598,227.8820,66.0312,81.1347,13.3684,311.0886,254.0013,74.0013,255.4844,75.4844
2030-07-25,0.0000,122.1322,61.2296,147.9553,99.0322,105.6209,227.9102,66.1226,81.1829,13.3642,311.0661,253.9484,73.9484,255.5069,75.5069
2030-07-26,0.0000,123.0876,73.0281,149.2286,100.2445,106.2815,227.9414,66.2129,81.2307,13.3595,311.0434,253.8954,73.8954,255.5214,75.5214
2030-07-27,0.0000,124.0433,84.8979,150.4643,101.4575,106.9413,227.9756,66.3020,81.2779,13.3542,311.0208,253.8425,73.8425,255.5133,75.5133
2030-07-28,0.0000,124.9991,96.9022,151.6613,102.6711,107.6006,228.0127,66.3899,81.3247,13.3484,310.9980,253.7895,73.7895,255.4716,75.4716
2030-07-29,0.0000,125.9552,109.0904,152.8186,103.8853,108.2592,228.0527,66.4766,81.3709,13.3421,310.9752,253.7366,73.7366,255.3914,75.3914
2030-07-30,0.0000,126.9115,121.4964,153.9346,105.1002,108.9171,228.0957,66.5620,81.4166,13.3353,310.9523,253.6836,73.6836,255.2749,75.2749
2030-07-31,0.0000,127.8681,134.1378,155.0081,106.3157,109.5744,228.1415,66.6462,81.4618,13.3279,310.9294,253.6306,73.6306,255.1311,75.1311
2030-08-01,0.0000,128.8248,147.0176,156.0372,107.5318,110.2310,228.1902,66.7291,81.5064,13.3200,310.9065,253.5777,73.5777,254.9743,74.9743
2030-08-02,0.0000,129.7817,160.1270,157.0202,108.7485,110.8869,228.2418,66.8107,81.5504,13.3115,310.8835,253.5247,73.5247,254.8215,74.8215
2030-08-03,0.0000,130.7389,173.4500,157.9551,109.9657,111.5422,228.2962,66.8911,81.5939,13.3025,310.8606,253.4718,73.4718,254.6888,74.6888
2030-08-04,0.0000,131.6962,186.9683,158.8397,111.1836,112.1968,228.3534,66.9701,81.6368,13.2930,310.8376,253.4188,73.4188,254.5885,74.5885
2030-08-05,0.0000,132.6537,200.6658,159.6716,112.4020,112.8507,228.4135,67.0477,81.6791,13.2831,310.8146,253.3659,73.3659,254.5262,74.5262
2030-08-06,0.0000,133.6114,214.5303,160.4483,113.6210,113.5040,228.4764,67.1241,81.7208,13.2726,310.7916,253.3129,73.3129,254.5000,74.5000
2030-08-07,0.0000,134.5693,228.5524,161.1670,114.8406,114.1566,228.5420,67.1990,81.7619,13.2616,310.7687,253.2600,73.2600,254.5003,74.5003
2030-08-08,0.0000,135.5274,242.7207,161.8248,116.0608,114.8086,228.6104,67.2727,81.8025,13.2502,310.7459,253.2070,73.2070,254.5120,74.5120
2030-08-09,0.0000,136.4858,257.0153,162.4185,117.2816,115.4600,228.6816,67.3449,81.8424,13.2383,310.7231,253.1541,73.1541,254.5170,74.5170
2030-08-10,0.0000,137.4443,271.4005,162.9449,118.5030,116.1107,228.7554,67.4158,81.8817,13.2259,310.7003,253.1011,73.1011,254.4977,74.4977
2030-08-11,0.0000,138.4031,285.8202,163.4005,119.7250,116.7607,228.8319,67.4852,81.9204,13.2131,310.6776,253.0482,73.0482,254.4410,74.4410
2030-08-12,0.0000,139.3621,300.1978,163.7819,120.9475,117.4102,228.9110,67.5532,81.9584,13.1998,310.6550,252.9952,72.9952,254.3404,74.3404
2030-08-13,0.0000,140.3215,314.4432,164.0856,122.1707,118.0590,228.9928,67.6198,81.9958,13.1859,310.6324,252.9423,72.9423,254.1978,74.1978
2030-08-14,0.0000,141.2811,328.4649,164.3079,123.3945,118.7071,229.0771,67.6848,82.0325,13.1716,310.6099,252.8893,72.8893,254.0230,74.0230
2030-08-15,0.0000,142.2410,342.1848,164.4456,124.6189,119.3547,229.1639,67.7484,82.0685,13.1569,310.5875,252.8363,72.8363,253.8321,73.8321
2030-08-16,0.0000,143.2013,355.5504,164.4955,125.8439,120.0017,229.2533,67.8105,82.1038,13.1416,310.5651,252.7834,72.7834,253.6442,73.6442
2030-08-17,0.0000,144.1620,8.5419,164.4549,127.0696,120.6481,229.3453,67.8711,82.1385,13.1260,310.5429,252.7304,72.7304,253.4779,73.4779
2030-08-18,0.0000,145.1232,21.1729,164.3214,128.2959,121.2940,229.4397,67.9302,82.1725,13.1099,310.5207,252.6775,72.6775,253.3475,73.3475
2030-08-19,0.0000,146.0847,33.4866,164.0937,129.5229,121.9392,229.5367,67.9878,82.2058,13.0933,310.4987,252.6245,72.6245,253.2602,73.2602
2030-08-20,0.0000,147.0467,45.5485,163.7712,130.7505,122.5840,229.6361,68.0438,82.2384,13.0764,310.4769,252.5716,72.5716,253.2147,73.2147
2030-08-21,0.0000,148.0092,57.4396,163.3546,131.9787,123.2281,229.7380,68.0982,82.2703,13.0590,310.4552,252.5186,72.5186,253.2012,73.2012
2030-08-22,0.0000,148.9721,69.2487,162.8462,133.2076,123.8717,229.8423,68.1511,82.3015,13.0412,310.4336,252.4657,72.4657,253.2034,73.2034
2030-08-23,0.0000,149.9355,81.0672,162.2498,134.4372,124.5148,229.9490,68.2024,82.3319,13.0230,310.4122,252.4127,72.4127,253.2016,73.2016
2030-08-24,0.0000,150.8993,92.9826,161.5714,135.6673,125.1572,230.0582,68.2521,82.3617,13.0044,310.3910,252.3598,72.3598,253.1764,73.1764
2030-08-25,0.0000,151.8637,105.0739,160.8192,136.8980,125.7991,230.1697,68.3002,82.3907,12.9854,310.3699,252.3068,72.3068,253.1131,73.1131
2030-08-26,0.0000,152.8284,117.4057,160.0035,138.1294,126.4404,230.2835,68.3467,82.4189,12.9660,310.3490,252.2539,72.2539,253.0039,73.0039
2030-08-27,0.0000,153.7937,130.0236,159.1371,139.3613,127.0811,230.3996,68.3914,82.4464,12.9462,310.3283,252.2009,72.2009,252.8498,72.8498
2030-08-28,0.0000,154.7593,142.9493,158.2349,140.5937,127.7212,230.5180,68.4345,82.4730,12.9260,310.3077,252.1479,72.1479,252.6605,72.6605
2030-08-29,0.0000,155.7254,156.1786,157.3137,141.8267,128.3607,230.6387,68.4759,82.4989,12.9054,310.2874,252.0950,72.0950,252.4527,72.4527
2030-08-30,0.0000,156.6920,169.6832,156.3919,143.0602,128.9996,230.7615,68.5156,82.5241,12.8845,310.2672,252.0420,72.0420,252.2465,72.2465
2030-08-31,0.0000,157.6589,183.4153,155.4888,144.2943,129.6379,230.8867,68.5537,82.5484,12.8632,310.2473,251.9891,71.9891,252.0616,72.0616
2030-09-01,0.0000,158.6263,197.3175,154.6242,145.5288,130.2755,231.0140,68.5900,82.5719,12.8415,310.2275,251.9361,71.9361,251.9139,71.9139
2030-09-02,0.0000,159.5941,211.3324,153.8176,146.7639,130.9126,231.1434,68.6245,82.5947,12.8195,310.2081,251.8832,71.8832,251.8115,71.8115
2030-09-03,0.0000,160.5623,225.4115,153.0879,147.9994,131.5490,231.2750,68.6574,82.6167,12.7973,310.1889,251.8302,71.8302,251.7541,71.7541
2030-09-04,0.0000,161.5308,239.5200,152.4520,149.2354,132.1848,231.4087,68.6886,82.6378,12.7747,310.1700,251.7773,71.7773,251.7325,71.7325
2030-09-05,0.0000,162.4998,253.6353,151.9254,150.4719,132.8201,231.5445,68.7180,82.6582,12.7518,310.1513,251.7243,71.7243,251.7303,71.7303
2030-09-06,0.0000,163.4692,267.7422,151.5212,151.7089,133.4547,231.6824,68.7456,82.6778,12.7286,310.1329,251.6714,71.6714,251.7276,71.7276
2030-09-07,0.0000,164.4389,281.8252,151.2498,152.9463,134.0887,231.8223,68.7715,82.6965,12.7051,310.1147,251.6184,71.6184,251.7046,71.7046
2030-09-08,0.0000,165.4091,295.8612,151.1193,154.1842,134.7220,231.9641,68.7957,82.7144,12.6813,310.0968,251.5655,71.5655,251.6455,71.6455
2030-09-09,0.0000,166.3797,309.8147,151.1351,155.4225,135.3548,232.1079,68.8180,82.7315,12.6572,310.0792,251.5125,71.5125,251.5416,71.5416
2030-09-10,0.0000,167.3507,323.6384,151.3002,156.6612,135.9870,232.2536,68.8386,82.7477,12.6329,310.0619,251.4595,71.4595,251.3930,71.3930
2030-09-11,0.0000,168.3221,337.2776,151.6152,157.9004,136.6186,232.4012,68.8574,82.7631,12.6083,310.0448,251.4066,71.4066,251.2086,71.2086
2030-09-12,0.0000,169.2940,350.6796,152.0788,159.1401,137.2496,232.5506,68.8744,82.7776,12.5834,310.0281,251.3536,71.3536,251.0044,71.0044
2030-09-13,0.0000,170.2665,3.8028,152.6876,160.3802,137.8800,232.7019,68.8896,82.7913,12.5583,310.0116,251.3007,71.3007,250.8001,70.8001
2030-09-14,0.0000,171.2394,16.6253,153.4365,161.6208,138.5099,232.8551,68.9030,82.8042,12.5329,309.9954,251.2477,71.2477,250.6156,70.6156
2030-09-15,0.0000,172.2129,29.1493,154.3190,162.8619,139.1392,233.0100,68.9146,82.8162,12.5074,309.9796,251.1948,71.1948,250.4667,70.4667
2030-09-16,0.0000,173.1870,41.4019,155.3273,164.1034,139.7679,233.1668,68.9244,82.8274,12.4816,309.9641,251.1418,71.1418,250.3626,70.3626
2030-09-17,0.0000,174.1617,53.4322,156.4527,165.3454,140.3962,233.3253,68.9324,82.8377,12.4557,309.9490,251.0889,71.0889,250.3037,70.3037
2030-09-18,0.0000,175.1370,65.3080,157.6857,166.5879,141.0239,233.4856,68.9386,82.8472,12.4295,309.9342,251.0359,71.0359,250.2818,70.2818
2030-09-19,0.0000,176.1129,77.1100,159.0164,167.8308,141.6510,233.6476,68.9430,82.8558,12.4032,309.9197,250.9830,70.9830,250.2818,70.2818
2030-09-20,0.0000,177.0894,88.9271,160.4344,169.0742,142.2776,233.8114,68.9455,82.8636,12.3767,309.9056,250.9300,70.9300,250.2848,70.2848
2030-09-21,0.0000,178.0665,100.8510,161.9295,170.3180,142.9036,233.9768,68.9462,82.8705,12.3500,309.8918,250.8771,70.8771,250.2716,70.2716
2030-09-22,0.0000,179.0442,112.9706,163.4917,171.5622,143.5290,234.1438,68.9451,82.8765,12.3232,309.8784,250.8241,70.8241,250.2266,70.2266
2030-09-23,0.0000,180.0225,125.3653,165.1112,172.8069,144.1538,234.3125,68.9422,82.8817,12.2962,309.8654,250.7711,70.7711,250.1409,70.1409
2030-09-24,0.0000,181.0014,138.0979,166.7789,174.0519,144.7781,234.4828,68.9374,82.8860,12.2691,309.8527,250.7182,70.7182,250.0137,70.0137
2030-09-25,0.0000,181.9809,151.2063,168.4863,175.2973,145.4017,234.6546,68.9307,82.8893,12.2418,309.8404,250.6652,70.6652,249.8525,69.8525
2030-09-26,0.0000,182.9610,164.6969,170.2257,176.5431,146.0248,234.8280,68.9222,82.8918,12.2145,309.8284,250.6123,70.6123,249.6716,69.6716
2030-09-27,0.0000,183.9417,178.5404,171.9900,177.7892,146.6472,235.0029,68.9119,82.8934,12.1870,309.8168,250.5593,70.5593,249.4891,69.4891
2030-09-28,0.0000,184.9229,192.6742,173.7729,179.0357,147.2690,235.1794,68.8998,82.8942,12.1594,309.8056,250.5064,70.5064,249.3236,69.3236
2030-09-29,0.0000,185.9047,207.0107,175.5691,180.2825,147.8901,235.3573,68.8858,82.8941,12.1318,309.7949,250.4534,70.4534,249.1900,69.1900
2030-09-30,0.0000,186.8870,221.4517,177.3739,181.5296,148.5107,235.5367,68.8701,82.8931,12.1041,309.7845,250.4005,70.4005,249.0975,69.0975
2030-10-01,0.0000,187.8699,235.9039,179.1831,182.7770,149.1306,235.7176,68.8526,82.8912,12.0763,309.7746,250.3475,70.3475,249.0470,69.0470
2030-10-02,0.0000,188.8532,250.2914,180.9933,184.0247,149.7498,235.8998,68.8333,82.8885,12.0485,309.7650,250.2946,70.2946,249.0320,69.0320
2030-10-03,0.0000,189.8371,264.5612,182.8016,185.2726,150.3684,236.0835,68.8122,82.8850,12.0208,309.7559,250.2416,70.2416,249.0394,69.0394
2030-10-04,0.0000,190.8214,278.6822,184.6057,186.5208,150.9864,236.2685,68.7893,82.8805,11.9929,309.7473,250.1887,70.1887,249.0522,69.0522
2030-10-05,0.0000,191.8062,292.6393,186.4036,187.7692,151.6036,236.4548,68.7647,82.8752,11.9651,309.7390,250.1357,70.1357,249.0535,69.0535
2030-10-06,0.0000,192.7915,306.4258,188.1938,189.0178,152.2202,236.6423,68.7383,82.8690,11.9373,309.7312,250.0828,70.0828,249.0288,69.0288
2030-10-07,0.0000,193.7772,320.0363,189.9750,190.2667,152.8362,236.8311,68.7101,82.8620,11.9094,309.7237,250.0298,70.0298,248.9697,68.9697
2030-10-08,0.0000,194.7634,333.4622,191.7462,191.5157,153.4515,237.0212,68.6803,82.8541,11.8816,309.7167,249.9768,69.9768,248.8749,68.8749
2030-10-09,0.0000,195.7502,346.6908,193.5067,192.7650,154.0661,237.2125,68.6486,82.8453,11.8538,309.7101,249.9239,69.9239,248.7502,68.7502
2030-10-10,0.0000,196.7374,359.7072,195.2560,194.0144,154.6801,237.4049,68.6153,82.8357,11.8260,309.7039,249.8709,69.8709,248.6077,68.6077
2030-10-11,0.0000,197.7253,12.4984,196.9939,195.2641,155.2934,237.5985,68.5804,82.8252,11.7983,309.6982,249.8180,69.8180,248.4627,68.4627
2030-10-12,0.0000,198.7136,25.0587,198.7199,196.5141,155.9062,237.7933,68.5437,82.8139,11.7706,309.6929,249.7650,69.7650,248.3309,68.3309
2030-10-13,0.0000,199.7026,37.3934,200.4342,197.7643,156.5183,237.9892,68.5054,82.8018,11.7430,309.6881,249.7121,69.7121,248.2256,68.2256
2030-10-14,0.0000,200.6922,49.5224,202.1366,199.0147,157.1297,238.1863,68.4655,82.7889,11.7156,309.6837,249.6591,69.6591,248.1547,68.1547
2030-10-15,0.0000,201.6823,61.4810,203.8272,200.2653,157.7406,238.3845,68.4240,82.7751,11.6882,309.6798,249.6062,69.6062,248.1197,68.1197
2030-10-16,0.0000,202.6731,73.3198,205.5061,201.5162,158.3508,238.5837,68.3809,82.7606,11.6609,309.6763,249.5532,69.5532,248.1154,68.1154
2030-10-17,0.0000,203.6646,85.1031,207.1736,202.7673,158.9604,238.7840,68.3362,82.7452,11.6338,309.6733,249.5003,69.5003,248.1313,68.1313
2030-10-18,0.0000,204.6566,96.9062,208.8298,204.0187,159.5693,238.9853,68.2899,82.7290,11.6068,309.6708,249.4473,69.4473,248.1538,68.1538
2030-10-19,0.0000,205.6493,108.8122,210.4750,205.2703,160.1776,239.1876,68.2421,82.7120,11.5799,309.6687,249.3944,69.3944,248.1687,68.1687
2030-10-20,0.0000,206.6426,120.9080,212.1094,206.5220,160.7852,239.3909,68.1927,82.6942,11.5532,309.6671,249.3414,69.3414,248.1644,68.1644
2030-10-21,0.0000,207.6365,133.2784,213.7333,207.7740,161.3921,239.5952,68.1419,82.6756,11.5266,309.6658,249.2884,69.2884,248.1336,68.1336
2030-10-22,0.0000,208.6311,145.9994,215.3469,209.0262,161.9983,239.8004,68.0895,82.6562,11.5001,309.6651,249.2355,69.2355,248.0749,68.0749
2030-10-23,0.0000,209.6263,159.1288,216.9507,210.2785,162.6038,240.0066,68.0356,82.6360,11.4739,309.6648,249.1825,69.1825,247.9928,67.9928
2030-10-24,0.0000,210.6220,172.6964,218.5448,211.5311,163.2086,240.2136,67.9804,82.6150,11.4478,309.6650,249.1296,69.1296,247.8962,67.8962
2030-10-25,0.0000,211.6184,186.6950,220.1296,212.7838,163.8126,240.4215,67.9237,82.5933,11.4219,309.6656,249.0766,69.0766,247.7969,67.7969
2030-10-26,0.0000,212.6154,201.0746,221.7052,214.0366,164.4159,240.6302,67.8656,82.5708,11.3963,309.6667,249.0237,69.0237,247.7072,67.7072
2030-10-27,0.0000,213.6130,215.7445,223.2720,215.2897,165.0184,240.8398,67.8062,82.5476,11.3709,309.6683,248.9707,68.9707,247.6370,67.6370
2030-10-28,0.0000,214.6111,230.5843,224.8302,216.5428,165.6202,241.0502,67.7455,82.5236,11.3457,309.6704,248.9178,68.9178,247.5925,67.5925
2030-10-29,0.0000,215.6097,245.4613,226.3800,217.7961,166.2212,241.2615,67.6836,82.4990,11.3208,309.6730,248.8648,68.8648,247.5747,67.5747
2030-10-30,0.0000,216.6088,260.2505,227.9216,219.0495,166.8214,241.4734,67.6204,82.4736,11.2962,309.6760,248.8119,68.8119,247.5801,67.5801
2030-10-31,0.0000,217.6085,274.8504,229.4550,220.3030,167.4207,241.6862,67.5560,82.4476,11.2718,309.6796,248.7589,68.7589,247.6008,67.6008
2030-11-01,0.0000,218.6085,289.1918,230.9806,221.5565,168.0192,241.8996,67.4904,82.4208,11.2477,309.6836,248.7060,68.7060,247.6272,67.6272
2030-11-02,0.0000,219.6090,303.2371,232.4982,222.8101,168.6169,242.1136,67.4237,82.3934,11.2239,309.6880,248.6530,68.6530,247.6490,67.6490
2030-11-03,0.0000,220.6099,316.9758,234.0080,224.0637,169.2137,242.3283,67.3559,82.3652,11.2004,309.6929,248.6000,68.6000,247.6582,67.6582
2030-11-04,0.0000,221.6112,330.4161,235.5100,225.3174,169.8097,242.5437,67.2870,82.3364,11.1772,309.6982,248.5471,68.5471,247.6497,67.6497
2030-11-05,0.0000,222.6130,343.5771,237.0042,226.5710,170.4048,242.7596,67.2170,82.3070,11.1542,309.7040,248.4941,68.4941,247.6228,67.6228
2030-11-06,0.0000,223.6152,356.4823,238.4905,227.8247,170.9991,242.9761,67.1461,82.2769,11.1316,309.7103,248.4412,68.4412,247.5804,67.5804
2030-11-07,0.0000,224.6178,9.1560,239.9687,229.0785,171.5925,243.1931,67.0742,82.2462,11.1094,309.7171,248.3882,68.3882,247.5287,67.5287
2030-11-08,0.0000,225.6209,21.6215,241.4387,230.3323,172.1851,243.4107,67.0014,82.2149,11.0874,309.7243,248.3353,68.3353,247.4754,67.4754
2030-11-09,0.0000,226.6245,33.9011,242.9001,231.5862,172.7769,243.6289,66.9278,82.1830,11.0659,309.7319,248.2823,68.2823,247.4282,67.4282
2030-11-10,0.0000,227.6285,46.0177,244.3525,232.8401,173.3678,243.8475,66.8533,82.1505,11.0447,309.7401,248.2294,68.2294,247.3930,67.3930
2030-11-11,0.0000,228.6330,57.9970,245.7955,234.0941,173.9579,244.0667,66.7780,82.1175,11.0239,309.7487,248.1764,68.1764,247.3732,67.3732
2030-11-12,0.0000,229.6381,69.8697,247.2284,235.3482,174.5471,244.2863,66.7020,82.0839,11.0034,309.7578,248.1235,68.1235,247.3692,67.3692
2030-11-13,0.0000,230.6436,81.6738,248.6505,236.6023,175.1354,244.5064,66.6252,82.0498,10.9834,309.7673,248.0705,68.0705,247.3781,67.3781
2030-11-14,0.0000,231.6496,93.4553,250.0609,237.8565,175.7228,244.7269,66.5478,82.0152,10.9637,309.7773,248.0176,68.0176,247.3953,67.3953
2030-11-15,0.0000,232.6562,105.2697,251.4585,239.1108,176.3094,244.9478,66.4698,81.9800,10.9445,309.7877,247.9646,67.9646,247.4149,67.4149
2030-11-16,0.0000,233.6632,117.1806,252.8419,240.3651,176.8950,245.1690,66.3911,81.9444,10.9256,309.7986,247.9116,67.9116,247.4317,67.4317
2030-11-17,0.0000,234.6708,129.2593,254.2097,241.6195,177.4797,245.3907,66.3119,81.9082,10.9072,309.8099,247.8587,67.8587,247.4417,67.4417
2030-11-18,0.0000,235.6789,141.5807,255.5602,242.8740,178.0635,245.6127,66.2322,81.8716,10.8891,309.8217,247.8057,67.8057,247.4431,67.4431
2030-11-19,0.0000,236.6874,154.2198,256.8911,244.1286,178.6462,245.8349,66.1520,81.8345,10.8715,309.8339,247.7528,67.7528,247.4362,67.4362
2030-11-20,0.0000,237.6965,167.2437,258.2002,245.3832,179.2280,246.0575,66.0714,81.7970,10.8543,309.8465,247.6998,67.6998,247.4233,67.4233
2030-11-21,0.0000,238.7061,180.7035,259.4845,246.6378,179.8088,246.2804,65.9904,81.7590,10.8376,309.8596,247.6469,67.6469,247.4076,67.4076
2030-11-22,0.0000,239.7161,194.6225,260.7408,247.8926,180.3885,246.5036,65.9091,81.7207,10.8213,309.8731,247.5939,67.5939,247.3927,67.3927
2030-11-23,0.0000,240.7266,208.9860,261.9653,249.1474,180.9672,246.7269,65.8275,81.6819,10.8055,309.8870,247.5410,67.5410,247.3812,67.3812
2030-11-24,0.0000,241.7376,223.7341,263.1537,250.4023,181.5448,246.9505,65.7457,81.6428,10.7902,309.9014,247.4880,67.4880,247.3747,67.3747
2030-11-25,0.0000,242.7491,238.7610,264.3008,251.6572,182.1213,247.1744,65.6637,81.6034,10.7754,309.9163,247.4351,67.4351,247.3729,67.3729
2030-11-26,0.0000,243.7609,253.9256,265.4009,252.9122,182.6967,247.3984,65.5816,81.5636,10.7610,309.9316,247.3821,67.3821,247.3747,67.3747
2030-11-27,0.0000,244.7731,269.0696,266.4473,254.1672,183.2709,247.6225,65.4995,81.5236,10.7472,309.9473,247.3292,67.3292,247.3777,67.3777
2030-11-28,0.0000,245.7857,284.0420,267.4325,255.4222,183.8440,247.8468,65.4173,81.4832,10.7339,309.9634,247.2762,67.2762,247.3799,67.3799
2030-11-29,0.0000,246.7985,298.7197,268.3478,256.6771,184.4158,248.0711,65.3351,81.4425,10.7210,309.9799,247.2232,67.2232,247.3796,67.3796
2030-11-30,0.0000,247.8116,313.0204,269.1836,257.9320,184.9864,248.2954,65.2530,81.4016,10.7087,309.9968,247.1703,67.1703,247.3765,67.3765
2030-12-01,0.0000,248.8249,326.9058,269.9293,259.1868,185.5557,248.5196,65.1710,81.3604,10.6968,310.0142,247.1173,67.1173,247.3714,67.3714
2030-12-02,0.0000,249.8385,340.3760,270.5730,260.4416,186.1238,248.7440,65.0892,81.3189,10.6855,310.0319,247.0644,67.0644,247.3662,67.3662
2030-12-03,0.0000,250.8523,353.4599,271.1020,261.6963,186.6907,248.9684,65.0075,81.2773,10.6747,310.0500,247.0114,67.0114,247.3632,67.3632
2030-12-04,0.0000,251.8664,6.2040,271.5027,262.9509,187.2563,249.1927,64.9262,81.2355,10.6643,310.0684,246.9585,66.9585,247.3642,67.3642
2030-12-05,0.0000,252.8807,18.6639,271.7611,264.2055,187.8206,249.4170,64.8451,81.1935,10.6546,310.0873,246.9055,66.9055,247.3703,67.3703
2030-12-06,0.0000,253.8952,30.8963,271.8633,265.4600,188.3836,249.6412,64.7644,81.1514,10.6454,310.1065,246.8526,66.8526,247.3808,67.3808
2030-12-07,0.0000,254.9100,42.9553,271.7965,266.7144,188.9454,249.8653,64.6841,81.1091,10.6367,310.1262,246.7996,66.7996,247.3936,67.3936
2030-12-08,0.0000,255.9251,54.8896,271.5498,267.9688,189.5058,250.0893,64.6043,81.0668,10.6286,310.1462,246.7467,66.7467,247.4052,67.4052
2030-12-09,0.0000,256.9404,66.7422,271.1156,269.2232,190.0650,250.3131,64.5250,81.0243,10.6210,310.1666,246.6937,66.6937,247.4116,67.4116
2030-12-10,0.0000,257.9560,78.5516,270.4913,270.4775,190.6228,250.5369,64.4462,80.9818,10.6140,310.1874,246.6408,66.6408,247.4093,67.4093
2030-12-11,0.0000,258.9718,90.3528,269.6811,271.7318,191.1792,250.7604,64.3680,80.9393,10.6075,310.2085,246.5878,66.5878,247.3960,67.3960
2030-12-12,0.0000,259.9879,102.1807,268.6971,272.9860,191.7343,250.9838,64.2903,80.8967,10.6016,310.2299,246.5349,66.5349,247.3717,67.3717
2030-12-13,0.0000,261.0042,114.0716,267.5606,274.2401,192.2879,251.2069,64.2134,80.8540,10.5962,310.2517,246.4819,66.4819,247.3387,67.3387
2030-12-14,0.0000,262.0208,126.0661,266.3019,275.4942,192.8401,251.4298,64.1371,80.8114,10.5914,310.2739,246.4289,66.4289,247.3014,67.3014
2030-12-15,0.0000,263.0377,138.2101,264.9595,276.7483,193.3908,251.6524,64.0616,80.7688,10.5872,310.2963,246.3760,66.3760,247.2656,67.2656
2030-12-16,0.0000,264.0548,150.5556,263.5777,278.0023,193.9400,251.8748,63.9869,80.7262,10.5835,310.3191,246.3230,66.3230,247.2371,67.2371
2030-12-17,0.0000,265.0722,163.1594,262.2034,279.2562,194.4877,252.0968,63.9130,80.6836,10.5804,310.3422,246.2701,66.2701,247.2208,67.2208
2030-12-18,0.0000,266.0898,176.0796,260.8828,280.5101,195.0339,252.3185,63.8399,80.6412,10.5778,310.3656,246.2171,66.2171,247.2190,67.2190
2030-12-19,0.0000,267.1077,189.3705,259.6571,281.7640,195.5784,252.5398,63.7678,80.5988,10.5758,310.3893,246.1642,66.1642,247.2306,67.2306
2030-12-20,0.0000,268.1259,203.0738,258.5608,283.0179,196.1213,252.7608,63.6967,80.5565,10.5744,310.4134,246.1112,66.1112,247.2518,67.2518
2030-12-21,0.0000,269.1443,217.2079,257.6195,284.2717,196.6626,252.9814,63.6265,80.5143,10.5736,310.4378,246.0583,66.0583,247.2756,67.2756
2030-12-22,0.0000,270.1630,231.7566,256.8500,285.5255,197.2021,253.2016,63.5574,80.4724,10.5734,310.4625,246.0053,66.0053,247.2938,67.2938
2030-12-23,0.0000,271.1818,246.6589,256.2605,286.7792,197.7399,253.4214,63.4894,80.4306,10.5737,310.4875,245.9524,65.9524,247.2983,67.2983
2030-12-24,0.0000,272.2009,261.8064,255.8523,288.0329,198.2759,253.6407,63.4225,80.3890,10.5747,310.5128,245.8994,65.8994,247.2829,67.2829
2030-12-25,0.0000,273.2200,277.0505,255.6210,289.2865,198.8101,253.8595,63.3568,80.3477,10.5763,310.5383,245.8465,65.8465,247.2450,67.2450
2030-12-26,0.0000,274.2393,292.2218,255.5584,290.5400,199.3423,254.0778,63.2923,80.3065,10.5784,310.5642,245.7935,65.7935,247.1859,67.1859
2030-12-27,0.0000,275.2586,307.1568,255.6536,291.7933,199.8726,254.2955,63.2290,80.2656,10.5812,310.5903,245.7405,65.7405,247.1110,67.1110
2030-12-28,0.0000,276.2779,321.7237,255.8943,293.0465,200.4010,254.5126,63.1670,80.2250,10.5844,310.6166,245.6876,65.6876,247.0293,67.0293
2030-12-29,0.0000,277.2973,335.8393,256.2677,294.2994,200.9273,254.7291,63.1062,80.1846,10.5883,310.6432,245.6346,65.6346,246.9512,66.9512
2030-12-30,0.0000,278.3166,349.4729,256.7612,295.5522,201.4516,254.9449,63.0468,80.1445,10.5927,310.6700,245.5817,65.5817,246.8866,66.8866
2030-12-31,0.0000,279.3359,2.6400,257.3625,296.8048,201.9738,255.1600,62.9888,80.1048,10.5977,310.6970,245.5287,65.5287,246.8431,66.8431
2031-01-01,0.0000,280.3551,15.3898,258.0605,298.0572,202.4940,255.3745,62.9322,80.0654,10.6033,310.7243,245.4758,65.4758,246.8238,66.8238
2031-01-02,0.0000,281.3743,27.7923,258.8445,299.3093,203.0121,255.5883,62.8770,80.0263,10.6095,310.7518,245.4228,65.4228,246.8268,66.8268
2031-01-03,0.0000,282.3935,39.9264,259.7051,300.5613,203.5280,255.8014,62.8233,79.9877,10.6163,310.7795,245.3699,65.3699,246.8453,66.8453
2031-01-04,0.0000,283.4126,51.8719,260.6338,301.8130,204.0418,256.0137,62.7711,79.9494,10.6237,310.8075,245.3169,65.3169,246.8684,66.8684
2031-01-05,0.0000,284.4316,63.7034,261.6231,303.0645,204.5535,256.2253,62.7204,79.9116,10.6316,310.8356,245.2640,65.2640,246.8835,66.8835
2031-01-06,0.0000,285.4507,75.4868,262.6662,304.3157,205.0628,256.4360,62.6712,79.8742,10.6401,310.8640,245.2110,65.2110,246.8788,66.8788
2031-01-07,0.0000,286.4696,87.2773,263.7571,305.5667,205.5700,256.6460,62.6236,79.8373,10.6493,310.8925,245.1581,65.1581,246.8452,66.8452
2031-01-08,0.0000,287.4885,99.1195,264.8908,306.8175,206.0748,256.8551,62.5776,79.8008,10.6589,310.9212,245.1051,65.1051,246.7790,66.7790
2031-01-09,0.0000,288.5074,111.0482,266.0627,308.0679,206.5772,257.0634,62.5332,79.7648,10.6692,310.9502,245.0521,65.0521,246.6822,66.6822
2031-01-10,0.0000,289.5261,123.0900,267.2688,309.3182,207.0773,257.2708,62.4904,79.7292,10.6799,310.9792,244.9992,64.9992,246.5630,66.5630
2031-01-11,0.0000,290.5449,135.2669,268.5056,310.5681,207.5749,257.4772,62.4492,79.6942,10.6913,311.0085,244.9462,64.9462,246.4336,66.4336
2031-01-12,0.0000,291.5636,147.5994,269.7702,311.8178,208.0699,257.6827,62.4097,79.6597,10.7032,311.0378,244.8933,64.8933,246.3086,66.3086
2031-01-13,0.0000,292.5822,160.1099,271.0599,313.0672,208.5625,257.8873,62.3719,79.6256,10.7156,311.0673,244.8403,64.8403,246.2017,66.2017
2031-01-14,0.0000,293.6008,172.8255,272.3725,314.3164,209.0524,258.0908,62.3357,79.5922,10.7286,311.0969,244.7874,64.7874,246.1232,66.1232
2031-01-15,0.0000,294.6193,185.7789,273.7060,315.5652,209.5396,258.2934,62.3013,79.5593,10.7422,311.1267,244.7344,64.7344,246.0776,66.0776
2031-01-16,0.0000,295.6378,199.0070,275.0588,316.8138,210.0241,258.4949,62.2687,79.5269,10.7563,311.1566,244.6815,64.6815,246.0627,66.0627
2031-01-17,0.0000,296.6563,212.5470,276.4295,318.0622,210.5059,258.6954,62.2378,79.4952,10.7709,311.1866,244.6285,64.6285,246.0695,66.0695
2031-01-18,0.0000,297.6748,226.4284,277.8167,319.3103,210.9847,258.8949,62.2086,79.4641,10.7861,311.2168,244.5756,64.5756,246.0844,66.0844
2031-01-19,0.0000,298.6932,240.6628,279.2194,320.5581,211.4606,259.0932,62.1813,79.4336,10.8019,311.2470,244.5226,64.5226,246.0911,66.0911
2031-01-20,0.0000,299.7115,255.2315,280.6368,321.8056,211.9335,259.2904,62.1559,79.4038,10.8182,311.2774,244.4697,64.4697,246.0743,66.0743
2031-01-21,0.0000,300.7297,270.0754,282.0680,323.0529,212.4033,259.4864,62.1322,79.3747,10.8351,311.3079,244.4167,64.4167,246.0224,66.0224
2031-01-22,0.0000,301.7478,285.0905,283.5124,324.2998,212.8700,259.6813,62.1104,79.3462,10.8525,311.3385,244.3637,64.3637,245.9304,65.9304
2031-01-23,0.0000,302.7658,300.1355,284.9695,325.5463,213.3333,259.8749,62.0904,79.3183,10.8704,311.3691,244.3108,64.3108,245.8004,65.8004
2031-01-24,0.0000,303.7835,315.0505,286.4388,326.7925,213.7933,260.0672,62.0722,79.2912,10.8888,311.3998,244.2578,64.2578,245.6420,65.6420
2031-01-25,0.0000,304.8010,329.6845,287.9200,328.0382,214.2498,260.2582,62.0559,79.2647,10.9077,311.4305,244.2049,64.2049,245.4700,65.4700
2031-01-26,0.0000,305.8182,343.9205,289.4129,329.2835,214.7029,260.4479,62.0415,79.2389,10.9271,311.4613,244.1519,64.1519,245.3022,65.3022
2031-01-27,0.0000,306.8351,357.6910,290.9172,330.5284,215.1524,260.6362,62.0290,79.2138,10.9471,311.4921,244.0990,64.0990,245.1553,65.1553
2031-01-28,0.0000,307.8518,10.9813,292.4328,331.7728,215.5984,260.8232,62.0183,79.1895,10.9675,311.5229,244.0460,64.0460,245.0421,65.0421
2031-01-29,0.0000,308.8681,23.8216,293.9598,333.0167,216.0406,261.0087,62.0095,79.1660,10.9884,311.5538,243.9931,63.9931,244.9687,64.9687
2031-01-30,0.0000,309.8841,36.2747,295.4980,334.2600,216.4792,261.1929,62.0027,79.1432,11.0098,311.5847,243.9401,63.9401,244.9329,64.9329
2031-01-31,0.0000,310.8997,48.4230,297.0475,335.5029,216.9140,261.3756,61.9977,79.1211,11.0317,311.6156,243.8872,63.8872,244.9251,64.9251
2031-02-01,0.0000,311.9151,60.3575,298.6085,336.7452,217.3449,261.5568,61.9947,79.0999,11.0541,311.6465,243.8342,63.8342,244.9295,64.9295
2031-02-02,0.0000,312.9300,72.1692,300.1809,337.9870,217.7719,261.7366,61.9935,79.0794,11.0770,311.6774,243.7813,63.7813,244.9275,64.9275
2031-02-03,0.0000,313.9447,83.9435,301.7650,339.2282,218.1949,261.9148,61.9943,79.0598,11.1003,311.7083,243.7283,63.7283,244.9010,64.9010
2031-02-04,0.0000,314.9589,95.7551,303.3608,340.4687,218.6138,262.0915,61.9969,79.0409,11.1241,311.7392,243.6753,63.6753,244.8365,64.8365
2031-02-05,0.0000,315.9728,107.6656,304.9687,341.7087,219.0285,262.2666,62.0015,79.0228,11.1483,311.7701,243.6224,63.6224,244.7272,64.7272
2031-02-06,0.0000,316.9864,119.7213,306.5887,342.9481,219.4389,262.4401,62.0079,79.0056,11.1730,311.8009,243.5694,63.5694,244.5751,64.5751
2031-02-07,0.0000,317.9996,131.9527,308.2212,344.1868,219.8450,262.6119,62.0162,78.9891,11.1981,311.8317,243.5165,63.5165,244.3900,64.3900
2031-02-08,0.0000,319.0124,144.3755,309.8663,345.4249,220.2467,262.7821,62.0264,78.9734,11.2237,311.8624,243.4635,63.4635,244.1885,64.1885
2031-02-09,0.0000,320.0249,156.9936,311.5244,346.6624,220.6438,262.9507,62.0385,78.9586,11.2496,311.8931,243.4106,63.4106,243.9900,63.9900
2031-02-10,0.0000,321.0370,169.8038,313.1956,347.8992,221.0362,263.1175,62.0524,78.9446,11.2760,311.9237,243.3576,63.3576,243.8136,63.8136
2031-02-11,0.0000,322.0489,182.8009,314.8803,349.1353,221.4238,263.2825,62.0682,78.9315,11.3028,311.9542,243.3047,63.3047,243.6739,63.6739
2031-02-12,0.0000,323.0604,195.9830,316.5786,350.3708,221.8066,263.4459,62.0858,78.9192,11.3300,311.9847,243.2517,63.2517,243.5784,63.5784
2031-02-13,0.0000,324.0716,209.3551,318.2909,351.6056,222.1844,263.6074,62.1053,78.9077,11.3576,312.0150,243.1988,63.1988,243.5256,63.5256
2031-02-14,0.0000,325.0825,222.9293,320.0173,352.8398,222.5571,263.7672,62.1267,78.8971,11.3856,312.0453,243.1458,63.1458,243.5059,63.5059
2031-02-15,0.0000,326.0931,236.7212,321.7580,354.0734,222.9245,263.9251,62.1500,78.8874,11.4141,312.0755,243.0929,63.0929,243.5026,63.5026
2031-02-16,0.0000,327.1035,250.7434,323.5132,355.3062,223.2866,264.0812,62.1751,78.8786,11.4429,312.1057,243.0399,63.0399,243.4959,63.4959
2031-02-17,0.0000,328.1135,264.9946,325.2829,356.5384,223.6431,264.2354,62.2021,78.8706,11.4721,312.1357,242.9870,62.9870,243.4664,63.4664
2031-02-18,0.0000,329.1232,279.4494,327.0672,357.7699,223.9939,264.3876,62.2309,78.8636,11.5017,312.1656,242.9340,62.9340,243.3987,63.3987
2031-02-19,0.0000,330.1325,294.0499,328.8660,359.0007,224.3389,264.5378,62.2616,78.8574,11.5316,312.1954,242.8810,62.8810,243.2852,63.2852
2031-02-20,0.0000,331.1414,308.7044,330.6791,0.2307,224.6779,264.6860,62.2940,78.8521,11.5619,312.2250,242.8281,62.8281,243.1266,63.1266
2031-02-21,0.0000,332.1500,323.2955,332.5064,1.4599,225.0107,264.8322,62.3283,78.8476,11.5925,312.2545,242.7751,62.7751,242.9329,62.9329
2031-02-22,0.0000,333.1580,337.6975,334.3473,2.6884,225.3373,264.9763,62.3643,78.8441,11.6234,312.2838,242.7222,62.7222,242.7205,62.7205
2031-02-23,0.0000,334.1657,351.7981,336.2013,3.9160,225.6575,265.1183,62.4022,78.8414,11.6547,312.3130,242.6692,62.6692,242.5097,62.5097
2031-02-24,0.0000,335.1728,5.5167,338.0676,5.1427,225.9711,265.2581,62.4418,78.8396,11.6863,312.3420,242.6163,62.6163,242.3204,62.3204
2031-02-25,0.0000,336.1794,18.8147,339.9452,6.3686,226.2781,265.3958,62.4832,78.8387,11.7182,312.3708,242.5633,62.5633,242.1682,62.1682
2031-02-26,0.0000,337.1856,31.6962,341.8329,7.5936,226.5784,265.5314,62.5263,78.8387,11.7504,312.3994,242.5104,62.5104,242.0618,62.0618
2031-02-27,0.0000,338.1912,44.2019,343.7289,8.8176,226.8717,265.6647,62.5712,78.8397,11.7830,312.4279,242.4574,62.4574,242.0007,62.0007
2031-02-28,0.0000,339.1962,56.3989,345.6314,10.0408,227.1580,265.7958,62.6179,78.8415,11.8158,312.4562,242.4045,62.4045,241.9758,61.9758
2031-03-01,0.0000,340.2008,68.3711,347.5378,11.2629,227.4371,265.9247,62.6662,78.8442,11.8489,312.4843,242.3515,62.3515,241.9709,61.9709
2031-03-02,0.0000,341.2047,80.2105,349.4453,12.4840,227.7089,266.0512,62.7163,78.8479,11.8823,312.5122,242.2986,62.2986,241.9662,61.9662
2031-03-03,0.0000,342.2081,92.0097,351.3505,13.7041,227.9732,266.1755,62.7680,78.8524,11.9160,312.5399,242.2456,62.2456,241.9419,61.9419
2031-03-04,0.0000,343.2109,103.8566,353.2491,14.9231,228.2298,266.2974,62.8214,78.8579,11.9499,312.5673,242.1926,62.1926,241.8823,61.8823
2031-03-05,0.0000,344.2132,115.8290,355.1368,16.1411,228.4787,266.4170,62.8765,78.8642,11.9841,312.5945,242.1397,62.1397,241.7787,61.7787
2031-03-06,0.0000,345.2149,127.9902,357.0080,17.3579,228.7196,266.5342,62.9331,78.8714,12.0185,312.6215,242.0867,62.0867,241.6311,61.6311
2031-03-07,0.0000,346.2160,140.3856,358.8569,18.5737,228.9524,266.6490,62.9914,78.8794,12.0531,312.6483,242.0338,62.0338,241.4484,61.4484
2031-03-08,0.0000,347.2165,153.0399,0.6767,19.7883,229.1770,266.7613,63.0513,78.8884,12.0880,312.6748,241.9808,61.9808,241.2460,61.2460
2031-03-09,0.0000,348.2165,165.9566,2.4605,21.0017,229.3930,266.8711,63.1127,78.8982,12.1230,312.7011,241.9279,61.9279,241.0436,61.0436
2031-03-10,0.0000,349.2160,179.1206,4.2002,22.2140,229.6004,266.9785,63.1757,78.9089,12.1583,312.7271,241.8749,61.8749,240.8607,60.8607
2031-03-11,0.0000,350.2150,192.5030,5.8879,23.4251,229.7990,267.0834,63.2403,78.9204,12.1938,312.7528,241.8220,61.8220,240.7129,60.7129
2031-03-12,0.0000,351.2135,206.0688,7.5149,24.6351,229.9886,267.1857,63.3063,78.9329,12.2294,312.7783,241.7690,61.7690,240.6094,60.6094
2031-03-13,0.0000,352.2115,219.7843,9.0727,25.8439,230.1690,267.2855,63.3740,78.9462,12.2653,312.8035,241.7161,61.7161,240.5506,60.5506
2031-03-14,0.0000,353.2090,233.6226,10.5526,27.0515,230.3400,267.3827,63.4431,78.9604,12.3014,312.8285,241.6631,61.6631,240.5286,60.5286
2031-03-15,0.0000,354.2061,247.5659,11.9462,28.2579,230.5013,267.4773,63.5138,78.9755,12.3376,312.8532,241.6102,61.6102,240.5287,60.5287
2031-03-16,0.0000,355.2027,261.6029,13.2453,29.4631,230.6528,267.5693,63.5859,78.9914,12.3741,312.8776,241.5572,61.5572,240.5323,60.5323
2031-03-17,0.0000,356.1989,275.7234,14.4423,30.6672,230.7942,267.6586,63.6595,79.0082,12.4106,312.9017,241.5042,61.5042,240.5206,60.5206
2031-03-18,0.0000,357.1946,289.9099,15.5301,31.8700,230.9254,267.7452,63.7345,79.0259,12.4474,312.9255,241.4513,61.4513,240.4785,60.4785
2031-03-19,0.0000,358.1898,304.1309,16.5024,33.0715,231.0460,267.8290,63.8110,79.0444,12.4842,312.9490,241.3983,61.3983,240.3971,60.3971
2031-03-20,0.0000,359.1846,318.3368,17.3537,34.2718,231.1559,267.9101,63.8889,79.0637,12.5212,312.9722,241.3454,61.3454,240.2755,60.2755
2031-03-21,0.0000,0.1788,332.4612,18.0796,35.4707,231.2550,267.9883,63.9681,79.0839,12.5583,312.9951,241.2924,61.2924,240.1212,60.1212
2031-03-22,0.0000,1.1725,346.4282,18.6763,36.6684,231.3429,268.0638,64.0487,79.1049,12.5954,313.0176,241.2395,61.2395,239.9478,59.9478
2031-03-23,0.0000,2.1656,0.1638,19.1416,37.8647,231.4197,268.1364,64.1307,79.1267,12.6327,313.0398,241.1865,61.1865,239.7730,59.7730
2031-03-24,0.0000,3.1582,13.6080,19.4741,39.0596,231.4850,268.2061,64.2140,79.1493,12.6701,313.0616,241.1336,61.1336,239.6146,59.6146
2031-03-25,0.0000,4.1502,26.7245,19.6739,40.2531,231.5388,268.2730,64.2987,79.1728,12.7076,313.0831,241.0806,61.0806,239.4871,59.4871
2031-03-26,0.0000,5.1417,39.5054,19.7425,41.4451,231.5810,268.3369,64.3846,79.1971,12.7451,313.1043,241.0277,61.0277,239.3993,59.3993
2031-03-27,0.0000,6.1325,51.9713,19.6830,42.6356,231.6113,268.3980,64.4719,79.2222,12.7827,313.1252,240.9747,60.9747,239.3524,59.3524
2031-03-28,0.0000,7.1227,64.1676,19.5000,43.8247,231.6297,268.4561,64.5604,79.2482,12.8204,313.1457,240.9218,60.9218,239.3399,59.3399
2031-03-29,0.0000,8.1123,76.1589,19.2000,45.0121,231.6361,268.5113,64.6502,79.2749,12.8582,313.1659,240.8688,60.8688,239.3492,59.3492
2031-03-30,0.0000,9.1013,88.0234,18.7912,46.1980,231.6302,268.5636,64.7412,79.3024,12.8960,313.1856,240.8158,60.8158,239.3643,59.3643
2031-03-31,0.0000,10.0896,99.8466,18.2837,47.3822,231.6122,268.6128,64.8334,79.3307,12.9338,313.2051,240.7629,60.7629,239.3688,59.3688
2031-04-01,0.0000,11.0773,111.7163,17.6893,48.5647,231.5817,268.6590,64.9267,79.3598,12.9717,313.2241,240.7099,60.7099,239.3489,59.3489
2031-04-02,0.0000,12.0644,123.7175,17.0213,49.7455,231.5388,268.7023,65.0212,79.3896,13.0096,313.2428,240.6570,60.6570,239.2966,59.2966
2031-04-03,0.0000,13.0507,135.9268,16.2942,50.9245,231.4834,268.7425,65.1169,79.4201,13.0474,313.2611,240.6040,60.6040,239.2105,59.2105
2031-04-04,0.0000,14.0365,148.4070,15.5236,52.1017,231.4154,268.7797,65.2136,79.4514,13.0852,313.2790,240.5511,60.5511,239.0964,59.0964
2031-04-05,0.0000,15.0216,161.2018,14.7256,53.2771,231.3347,268.8138,65.3114,79.4834,13.1230,313.2965,240.4981,60.4981,238.9654,58.9654
2031-04-06,0.0000,16.0061,174.3304,13.9164,54.4507,231.2414,268.8449,65.4104,79.5161,13.1608,313.3136,240.4452,60.4452,238.8321,58.8321
2031-04-07,0.0000,16.9900,187.7855,13.1120,55.6223,231.1353,268.8729,65.5103,79.5496,13.1986,313.3303,240.3922,60.3922,238.7115,58.7115
2031-04-08,0.0000,17.9734,201.5339,12.3273,56.7921,231.0165,268.8978,65.6114,79.5838,13.2363,313.3466,240.3393,60.3393,238.6158,58.6158
2031-04-09,0.0000,18.9562,215.5213,11.5764,57.9599,230.8851,268.9196,65.7134,79.6187,13.2741,313.3626,240.2863,60.2863,238.5526,58.5526
2031-04-10,0.0000,19.9384,229.6805,10.8719,59.1258,230.7409,268.9384,65.8165,79.6543,13.3118,313.3781,240.2334,60.2334,238.5232,58.5232
2031-04-11,0.0000,20.9202,243.9415,10.2247,60.2897,230.5840,268.9541,65.9206,79.6906,13.3494,313.3933,240.1804,60.1804,238.5227,58.5227
2031-04-12,0.0000,21.9015,258.2396,9.6439,61.4516,230.4145,268.9667,66.0257,79.7276,13.3870,313.4080,240.1274,60.1274,238.5414,58.5414
2031-04-13,0.0000,22.8823,272.5212,9.1368,62.6115,230.2324,268.9762,66.1317,79.7652,13.4245,313.4224,240.0745,60.0745,238.5663,58.5663
2031-04-14,0.0000,23.8626,286.7444,8.7090,63.7693,230.0378,268.9825,66.2387,79.8036,13.4620,313.4363,240.0215,60.0215,238.5846,58.5846
2031-04-15,0.0000,24.8425,300.8771,8.3646,64.9251,229.8309,268.9856,66.3466,79.8426,13.4993,313.4499,239.9686,59.9686,238.5852,58.5852
2031-04-16,0.0000,25.8219,314.8928,8.1061,66.0788,229.6119,268.9857,66.4553,79.8822,13.5366,313.4630,239.9156,59.9156,238.5617,58.5617
2031-04-17,0.0000,26.8008,328.7667,7.9348,67.2303,229.3809,268.9825,66.5650,79.9224,13.5737,313.4756,239.8627,59.8627,238.5128,58.5128
2031-04-18,0.0000,27.7792,342.4730,7.8507,68.3796,229.1382,268.9762,66.6755,79.9633,13.6107,313.4878,239.8097,59.8097,238.4425,58.4425
2031-04-19,0.0000,28.7571,355.9853,7.8533,69.5267,228.8842,268.9667,66.7868,80.0048,13.6475,313.4995,239.7568,59.7568,238.3593,58.3593
2031-04-20,0.0000,29.7345,9.2784,7.9411,70.6715,228.6192,268.9541,66.8990,80.0469,13.6843,313.5109,239.7038,59.7038,238.2738,58.2738
2031-04-21,0.0000,30.7114,22.3321,8.1121,71.8140,228.3436,268.9383,67.0120,80.0896,13.7209,313.5218,239.6509,59.6509,238.1971,58.1971
2031-04-22,0.0000,31.6879,35.1349,8.3639,72.9541,228.0578,268.9194,67.1258,80.1329,13.7574,313.5323,239.5979,59.5979,238.1382,58.1382
2031-04-23,0.0000,32.6638,47.6880,8.6940,74.0918,227.7623,268.8973,67.2404,80.1768,13.7937,313.5423,239.5450,59.5450,238.1026,58.1026
2031-04-24,0.0000,33.6391,60.0073,9.0993,75.2269,227.4575,268.8722,67.3557,80.2213,13.8299,313.5519,239.4920,59.4920,238.0910,58.0910
2031-04-25,0.0000,34.6139,72.1235,9.5771,76.3595,227.1441,268.8440,67.4718,80.2664,13.8659,313.5611,239.4391,59.4391,238.1001,58.1001
2031-04-26,0.0000,35.5882,84.0823,10.1244,77.4895,226.8225,268.8127,67.5886,80.3120,13.9017,313.5698,239.3861,59.3861,238.1229,58.1229
2031-04-27,0.0000,36.5618,95.9416,10.7383,78.6167,226.4934,268.7783,67.7061,80.3581,13.9373,313.5781,239.3331,59.3331,238.1505,58.1505
2031-04-28,0.0000,37.5349,107.7700,11.4159,79.7411,226.1574,268.7409,67.8242,80.4048,13.9728,313.5860,239.2802,59.2802,238.1742,58.1742
2031-04-29,0.0000,38.5074,119.6432,12.1545,80.8627,225.8150,268.7005,67.9430,80.4520,14.0080,313.5934,239.2272,59.2272,238.1868,58.1868
2031-04-30,0.0000,39.4794,131.6408,12.9515,81.9812,225.4670,268.6570,68.0624,80.4997,14.0430,313.6003,239.1743,59.1743,238.1842,58.1842
2031-05-01,0.0000,40.4507,143.8419,13.8045,83.0968,225.1140,268.6106,68.1824,80.5479,14.0778,313.6068,239.1213,59.1213,238.1658,58.1658
2031-05-02,0.0000,41.4215,156.3199,14.7111,84.2092,224.7567,268.5612,68.3029,80.5965,14.1124,313.6128,239.0684,59.0684,238.1345,58.1345
2031-05-03,0.0000,42.3917,169.1363,15.6692,85.3184,224.3958,268.5089,68.4240,80.6457,14.1467,313.6183,239.0154,59.0154,238.0957,58.0957
2031-05-04,0.0000,43.3614,182.3333,16.6768,86.4243,224.0321,268.4538,68.5457,80.6952,14.1807,313.6234,238.9625,58.9625,238.0559,58.0559
2031-05-05,0.0000,44.3305,195.9269,17.7321,87.5269,223.6662,268.3957,68.6679,80.7453,14.2146,313.6281,238.9095,58.9095,238.0215,58.0215
2031-05-06,0.0000,45.2991,209.9012,18.8335,88.6261,223.2988,268.3348,68.7906,80.7958,14.2482,313.6323,238.8566,58.8566,237.9974,57.9974
2031-05-07,0.0000,46.2673,224.2063,19.9794,89.7217,222.9308,268.2712,68.9139,80.8467,14.2815,313.6361,238.8036,58.8036,237.9861,57.9861
2031-05-08,0.0000,47.2350,238.7614,21.1685,90.8138,222.5628,268.2048,69.0376,80.8981,14.3146,313.6394,238.7507,58.7507,237.9874,57.9874
2031-05-09,0.0000,48.2023,253.4638,22.3995,91.9022,222.1955,268.1357,69.1619,80.9499,14.3474,313.6423,238.6977,58.6977,237.9987,57.9987
2031-05-10,0.0000,49.1691,268.2016,23.6714,92.9868,221.8296,268.0639,69.2865,81.0021,14.3800,313.6448,238.6447,58.6447,238.0159,58.0159
2031-05-11,0.0000,50.1356,282.8681,24.9832,94.0677,221.4658,267.9895,69.4116,81.0547,14.4123,313.6469,238.5918,58.5918,238.0346,58.0346
2031-05-12,0.0000,51.1017,297.3736,26.3342,95.1446,221.1049,267.9124,69.5372,81.1077,14.4442,313.6484,238.5388,58.5388,238.0505,58.0505
2031-05-13,0.0000,52.0674,311.6526,27.7234,96.2176,220.7475,267.8327,69.6631,81.1611,14.4759,313.6495,238.4859,58.4859,238.0611,58.0611
2031-05-14,0.0000,53.0328,325.6650,29.1504,97.2865,220.3944,267.7505,69.7893,81.2148,14.5072,313.6501,238.4329,58.4329,238.0654,58.0654
2031-05-15,0.0000,53.9978,339.3935,30.6147,98.3512,220.0463,267.6657,69.9160,81.2688,14.5382,313.6502,238.3800,58.3800,238.0643,58.0643
2031-05-16,0.0000,54.9625,352.8383,32.1158,99.4117,219.7040,267.5785,70.0429,81.3232,14.5689,313.6500,238.3270,58.3270,238.0599,58.0599
2031-05-17,0.0000,55.9268,6.0109,33.6535,100.4678,219.3681,267.4889,70.1702,81.3779,14.5993,313.6492,238.2741,58.2741,238.0547,58.0547
2031-05-18,0.0000,56.8908,18.9294,35.2275,101.5194,219.0393,267.3970,70.2978,81.4330,14.6293,313.6481,238.2211,58.2211,238.0512,58.0512
2031-05-19,0.0000,57.8545,31.6147,36.8377,102.5664,218.7183,267.3028,70.4257,81.4883,14.6590,313.6464,238.1682,58.1682,238.0508,58.0508
2031-05-20,0.0000,58.8178,44.0891,38.4840,103.6087,218.4057,267.2064,70.5539,81.5440,14.6884,313.6443,238.1152,58.1152,238.0537,58.0537
2031-05-21,0.0000,59.7808,56.3758,40.1662,104.6460,218.1021,267.1079,70.6824,81.5999,14.7174,313.6418,238.0623,58.0623,238.0587,58.0587
2031-05-22,0.0000,60.7433,68.5003,41.8845,105.6784,217.8081,267.0072,70.8111,81.6562,14.7460,313.6389,238.0093,58.0093,238.0639,58.0639
2031-05-23,0.0000,61.7056,80.4917,43.6387,106.7055,217.5242,266.9046,70.9400,81.7127,14.7743,313.6355,237.9563,57.9563,238.0672,58.0672
2031-05-24,0.0000,62.6674,92.3845,45.4287,107.7272,217.2509,266.8000,71.0691,81.7695,14.8023,313.6317,237.9034,57.9034,238.0670,58.0670
2031-05-25,0.0000,63.6288,104.2203,47.2545,108.7434,216.9887,266.6936,71.1984,81.8265,14.8298,313.6275,237.8504,57.8504,238.0630,58.0630
2031-05-26,0.0000,64.5898,116.0483,49.1160,109.7538,216.7379,266.5853,71.3278,81.8837,14.8569,313.6228,237.7975,57.7975,238.0560,58.0560
2031-05-27,0.0000,65.5505,127.9258,51.0127,110.7583,216.4990,266.4753,71.4574,81.9411,14.8837,313.6176,237.7445,57.7445,238.0481,58.0481
2031-05-28,0.0000,66.5107,139.9173,52.9442,111.7566,216.2723,266.3636,71.5871,81.9988,14.9100,313.6121,237.6916,57.6916,238.0423,58.0423
2031-05-29,0.0000,67.4705,152.0926,54.9100,112.7486,216.0580,266.2503,71.7169,82.0566,14.9360,313.6061,237.6386,57.6386,238.0414,58.0414
2031-05-30,0.0000,68.4299,164.5240,56.9089,113.7340,215.8565,266.1356,71.8467,82.1146,14.9615,313.5997,237.5857,57.5857,238.0474,58.0474
2031-05-31,0.0000,69.3889,177.2805,58.9400,114.7126,215.6679,266.0194,71.9766,82.1727,14.9865,313.5928,237.5327,57.5327,238.0606,58.0606
2031-06-01,0.0000,70.3476,190.4220,61.0015,115.6842,215.4925,265.9019,72.1066,82.2310,15.0112,313.5855,237.4798,57.4798,238.0795,58.0795
2031-06-02,0.0000,71.3058,203.9898,63.0917,116.6485,215.3304,265.7831,72.2366,82.2895,15.0355,313.5778,237.4268,57.4268,238.1006,58.1006
2031-06-03,0.0000,72.2638,217.9971,65.2081,117.6053,215.1817,265.6632,72.3665,82.3481,15.0593,313.5698,237.3739,57.3739,238.1190,58.1190
2031-06-04,0.0000,73.2214,232.4195,67.3479,118.5544,215.0465,265.5422,72.4965,82.4068,15.0827,313.5613,237.3209,57.3209,238.1299,58.1299
2031-06-05,0.0000,74.1787,247.1892,69.5081,119.4955,214.9249,265.4202,72.6265,82.4657,15.1058,313.5525,237.2679,57.2679,238.1289,58.1289
2031-06-06,0.0000,75.1358,262.1964,71.6849,120.4283,214.8168,265.2972,72.7565,82.5247,15.1283,313.5433,237.2150,57.2150,238.1138,58.1138
2031-06-07,0.0000,76.0926,277.2998,73.8743,121.3526,214.7223,265.1734,72.8865,82.5838,15.1505,313.5336,237.1620,57.1620,238.0851,58.0851
2031-06-08,0.0000,77.0492,292.3465,76.0722,122.2681,214.6414,265.0489,73.0164,82.6430,15.1721,313.5236,237.1091,57.1091,238.0460,58.0460
2031-06-09,0.0000,78.0056,307.1944,78.2740,123.1746,214.5740,264.9236,73.1462,82.7022,15.1933,313.5131,237.0561,57.0561,238.0021,58.0021
2031-06-10,0.0000,78.9618,321.7324,80.4751,124.0716,214.5202,264.7977,73.2758,82.7615,15.2141,313.5023,237.0032,57.0032,237.9606,57.9606
2031-06-11,0.0000,79.9178,335.8914,82.6710,124.9591,214.4799,264.6712,73.4054,82.8208,15.2343,313.4911,236.9502,56.9502,237.9284,57.9284
2031-06-12,0.0000,80.8737,349.6452,84.8572,125.8366,214.4530,264.5443,73.5348,82.8802,15.2541,313.4795,236.8973,56.8973,237.9108,57.9108
2031-06-13,0.0000,81.8295,3.0032,87.0296,126.7038,214.4397,264.4170,73.6641,82.9396,15.2734,313.4675,236.8443,56.8443,237.9104,57.9104
2031-06-14,0.0000,82.7852,16.0003,89.1840,127.5604,214.4397,264.2894,73.7932,82.9989,15.2922,313.4551,236.7914,56.7914,237.9258,57.9258
2031-06-15,0.0000,83.7407,28.6853,91.3171,128.4060,214.4531,264.1617,73.9221,83.0581,15.3106,313.4424,236.7384,56.7384,237.9520,57.9520
2031-06-16,0.0000,84.6961,41.1128,93.4256,129.2402,214.4797,264.0340,74.0509,83.1176,15.3285,313.4293,236.6855,56.6855,237.9812,57.9812
2031-06-17,0.0000,85.6515,53.3359,95.5068,130.0626,214.5195,263.9062,74.1794,83.1771,15.3458,313.4159,236.6325,56.6325,238.0038,58.0038
2031-06-18,0.0000,86.6067,65.4035,97.5583,130.8728,214.5724,263.7786,74.3077,83.2365,15.3627,313.4022,236.5795,56.5795,238.0106,58.0106
2031-06-19,0.0000,87.5618,77.3584,99.5783,131.6702,214.6383,263.6511,74.4358,83.2959,15.3792,313.3881,236.5266,56.5266,237.9950,57.9950
2031-06-20,0.0000,88.5167,89.2379,101.5650,132.4544,214.7170,263.5240,74.5636,83.3552,15.3951,313.3737,236.4736,56.4736,237.9540,57.9540
2031-06-21,0.0000,89.4715,101.0758,103.5174,133.2249,214.8083,263.3973,74.6910,83.4144,15.4105,313.3589,236.4207,56.4207,237.8893,57.8893
2031-06-22,0.0000,90.4262,112.9045,105.4344,133.9812,214.9122,263.2710,74.8182,83.4736,15.4253,313.3438,236.3677,56.3677,237.8072,57.8072
2031-06-23,0.0000,91.3807,124.7583,107.3153,134.7225,215.0284,263.1453,74.9450,83.5327,15.4397,313.3283,236.3148,56.3148,237.7176,57.7176
2031-06-24,0.0000,92.3350,136.6759,109.1596,135.4485,215.1568,263.0203,75.0715,83.5917,15.4535,313.3126,236.2618,56.2618,237.6322,57.6322
2031-06-25,0.0000,93.2892,148.7023,110.9669,136.1584,215.2972,262.8960,75.1976,83.6505,15.4669,313.2965,236.2089,56.2089,237.5618,57.5618
2031-06-26,0.0000,94.2432,160.8902,112.7369,136.8516,215.4494,262.7725,75.3233,83.7092,15.4796,313.2801,236.1559,56.1559,237.5147,57.5147
2031-06-27,0.0000,95.1970,173.2992,114.4694,137.5274,215.6132,262.6500,75.4485,83.7678,15.4919,313.2634,236.1030,56.1030,237.4943,57.4943
2031-06-28,0.0000,96.1507,185.9933,116.1643,138.1852,215.7885,262.5284,75.5734,83.8263,15.5036,313.2464,236.0500,56.0500,237.4983,57.4983
2031-06-29,0.0000,97.1042,199.0363,117.8215,138.8241,215.9750,262.4080,75.6978,83.8846,15.5148,313.2291,235.9971,55.9971,237.5193,57.5193
2031-06-30,0.0000,98.0576,212.4845,119.4408,139.4435,216.1725,262.2888,75.8218,83.9427,15.5255,313.2116,235.9441,55.9441,237.5455,57.5455
2031-07-01,0.0000,99.0109,226.3753,121.0221,140.0426,216.3808,262.1709,75.9453,84.0007,15.5356,313.1938,235.8912,55.8912,237.5632,57.5632
2031-07-02,0.0000,99.9641,240.7152,122.5651,140.6206,216.5997,262.0543,76.0684,84.0585,15.5453,313.1758,235.8382,55.8382,237.5596,57.5596
2031-07-03,0.0000,100.9173,255.4666,124.0697,141.1767,216.8290,261.9391,76.1909,84.1161,15.5544,313.1575,235.7852,55.7852,237.5252,57.5252
2031-07-04,0.0000,101.8703,270.5400,125.5355,141.7099,217.0684,261.8254,76.3130,84.1735,15.5630,313.1389,235.7323,55.7323,237.4558,57.4558
2031-07-05,0.0000,102.8234,285.7963,126.9621,142.2196,217.3178,261.7133,76.4345,84.2307,15.5711,313.1201,235.6793,55.6793,237.3538,57.3538
2031-07-06,0.0000,103.7764,301.0632,128.3491,142.7047,217.5769,261.6027,76.5554,84.2876,15.5786,313.1011,235.6264,55.6264,237.2279,57.2279
2031-07-07,0.0000,104.7294,316.1623,129.6959,143.1645,217.8456,261.4939,76.6758,84.3443,15.5856,313.0818,235.5734,55.5734,237.0911,57.0911
2031-07-08,0.0000,105.6825,330.9406,131.0018,143.5981,218.1236,261.3868,76.7956,84.4008,15.5920,313.0623,235.5205,55.5205,236.9591,56.9591
2031-07-09,0.0000,106.6356,345.2922,132.2661,144.0046,218.4108,261.2815,76.9147,84.4569,15.5978,313.0425,235.4675,55.4675,236.8462,56.8462
2031-07-10,0.0000,107.5888,359.1678,133.4879,144.3830,218.7071,261.1780,77.0333,84.5128,15.6031,313.0225,235.4146,55.4146,236.7635,56.7635
2031-07-11,0.0000,108.5422,12.5692,134.6661,144.7324,219.0123,261.0765,77.1512,84.5685,15.6079,313.0023,235.3616,55.3616,236.7157,56.7157
2031-07-12,0.0000,109.4957,25.5367,135.7995,145.0520,219.3263,260.9771,77.2684,84.6238,15.6121,312.9819,235.3087,55.3087,236.7004,56.7004
2031-07-13,0.0000,110.4493,38.1349,136.8870,145.3407,219.6489,260.8797,77.3851,84.6789,15.6158,312.9614,235.2557,55.2557,236.7084,56.7084
2031-07-14,0.0000,111.4031,50.4389,137.9271,145.5975,219.9801,260.7846,77.5010,84.7336,15.6190,312.9406,235.2028,55.2028,236.7251,56.7251
2031-07-15,0.0000,112.3570,62.5249,138.9181,145.8216,220.3196,260.6916,77.6162,84.7881,15.6216,312.9197,235.1498,55.1498,236.7336,56.7336
2031-07-16,0.0000,113.3111,74.4641,139.8583,146.0119,220.6673,260.6009,77.7308,84.8422,15.6236,312.8986,235.0968,55.0968,236.7179,56.7179
2031-07-17,0.0000,114.2653,86.3181,140.7459,146.1675,221.0231,260.5125,77.8445,84.8959,15.6252,312.8773,235.0439,55.0439,236.6659,56.6659
2031-07-18,0.0000,115.2196,98.1382,141.5787,146.2874,221.3868,260.4266,77.9576,84.9493,15.6261,312.8559,234.9909,54.9909,236.5720,56.5720
2031-07-19,0.0000,116.1741,109.9652,142.3546,146.3709,221.7584,260.3430,78.0698,85.0024,15.6265,312.8344,234.9380,54.9380,236.4388,56.4388
2031-07-20,0.0000,117.1287,121.8312,143.0712,146.4172,222.1375,260.2620,78.1812,85.0550,15.6264,312.8127,234.8850,54.8850,236.2760,56.2760
2031-07-21,0.0000,118.0833,133.7628,143.7260,146.4254,222.5242,260.1835,78.2918,85.1073,15.6257,312.7909,234.8321,54.8321,236.0990,56.0990
2031-07-22,0.0000,119.0381,145.7847,144.3165,146.3949,222.9182,260.1076,78.4015,85.1591,15.6245,312.7689,234.7791,54.7791,235.9263,55.9263
2031-07-23,0.0000,119.9930,157.9234,144.8400,146.3252,223.3194,260.0343,78.5104,85.2106,15.6227,312.7467,234.7262,54.7262,235.7753,55.7753
2031-07-24,0.0000,120.9480,170.2106,145.2938,146.2159,223.7277,259.9637,78.6184,85.2616,15.6203,312.7245,234.6732,54.6732,235.6591,55.6591
2031-07-25,0.0000,121.9032,182.6860,145.6750,146.0668,224.1430,259.8958,78.7254,85.3121,15.6174,312.7022,234.6203,54.6203,235.5840,55.5840
2031-07-26,0.0000,122.8584,195.3972,145.9811,145.8778,224.5650,259.8307,78.8316,85.3622,15.6140,312.6798,234.5673,54.5673,235.5481,55.5481
2031-07-27,0.0000,123.8137,208.3977,146.2093,145.6489,224.9937,259.7684,78.9369,85.4119,15.6101,312.6574,234.5144,54.5144,235.5413,55.5413
2031-07-28,0.0000,124.7691,221.7419,146.3574,145.3806,225.4289,259.7090,79.0412,85.4611,15.6056,312.6348,234.4614,54.4614,235.5475,55.5475
2031-07-29,0.0000,125.7247,235.4760,146.4230,145.0734,225.8705,259.6524,79.1446,85.5099,15.6006,312.6122,234.4084,54.4084,235.5476,55.5476
2031-07-30,0.0000,126.6804,249.6259,146.4046,144.7283,226.3183,259.5987,79.2470,85.5582,15.5951,312.5896,234.3555,54.3555,235.5231,55.5231
2031-07-31,0.0000,127.6362,264.1823,146.3009,144.3464,226.7722,259.5479,79.3484,85.6060,15.5891,312.5669,234.3025,54.3025,235.4600,55.4600
2031-08-01,0.0000,128.5922,279.0881,146.1116,143.9291,227.2320,259.5001,79.4488,85.6533,15.5825,312.5442,234.2496,54.2496,235.3515,55.3515
2031-08-02,0.0000,129.5484,294.2327,145.8369,143.4783,227.6977,259.4551,79.5482,85.7001,15.5754,312.5215,234.1966,54.1966,235.1993,55.1993
2031-08-03,0.0000,130.5048,309.4596,145.4784,142.9962,228.1689,259.4132,79.6466,85.7464,15.5678,312.4987,234.1437,54.1437,235.0136,55.0136
2031-08-04,0.0000,131.4614,324.5891,145.0388,142.4852,228.6458,259.3742,79.7438,85.7921,15.5597,312.4759,234.0907,54.0907,234.8110,54.8110
2031-08-05,0.0000,132.4183,339.4504,144.5221,141.9481,229.1281,259.3381,79.8400,85.8373,15.5511,312.4530,234.0378,54.0378,234.6114,54.6114
2031-08-06,0.0000,133.3754,353.9113,143.9341,141.3880,229.6158,259.3051,79.9351,85.8820,15.5419,312.4302,233.9848,53.9848,234.4341,54.4341
2031-08-07,0.0000,134.3329,7.8952,143.2819,140.8082,230.1087,259.2750,80.0290,85.9260,15.5322,312.4073,233.9319,53.9319,234.2941,54.2941
2031-08-08,0.0000,135.2907,21.3830,142.5745,140.2122,230.6069,259.2480,80.1219,85.9696,15.5220,312.3845,233.8789,53.8789,234.1989,54.1989
2031-08-09,0.0000,136.2490,34.4035,141.8225,139.6038,231.1102,259.2241,80.2136,86.0125,15.5114,312.3618,233.8260,53.8260,234.1473,54.1473
2031-08-10,0.0000,137.2075,47.0188,141.0378,138.9868,231.6187,259.2033,80.3042,86.0549,15.5002,312.3390,233.7730,53.7730,234.1295,54.1295
2031-08-11,0.0000,138.1665,59.3091,140.2340,138.3652,232.1321,259.1856,80.3936,86.0967,15.4886,312.3163,233.7200,53.7200,234.1288,54.1288
2031-08-12,0.0000,139.1259,71.3618,139.4256,137.7428,232.6504,259.1709,80.4818,86.1379,15.4765,312.2936,233.6671,53.6671,234.1252,54.1252
2031-08-13,0.0000,140.0856,83.2622,138.6277,137.1238,233.1736,259.1594,80.5688,86.1786,15.4639,312.2710,233.6141,53.6141,234.0990,54.0990
2031-08-14,0.0000,141.0458,95.0879,137.8559,136.5120,233.7016,259.1509,80.6546,86.2185,15.4508,312.2485,233.5612,53.5612,234.0350,54.0350
2031-08-15,0.0000,142.0063,106.9054,137.1256,135.9113,234.2343,259.1456,80.7391,86.2579,15.4372,312.2260,233.5082,53.5082,233.9252,53.9252
2031-08-16,0.0000,142.9672,118.7681,136.4520,135.3253,234.7716,259.1434,80.8223,86.2966,15.4232,312.2036,233.4553,53.4553,233.7704,53.7704
2031-08-17,0.0000,143.9284,130.7159,135.8491,134.7576,235.3135,259.1443,80.9043,86.3347,15.4087,312.1813,233.4023,53.4023,233.5803,53.5803
2031-08-18,0.0000,144.8900,142.7767,135.3298,134.2114,235.8599,259.1484,80.9849,86.3720,15.3937,312.1590,233.3494,53.3494,233.3714,53.3714
2031-08-19,0.0000,145.8520,154.9692,134.9058,133.6899,236.4106,259.1555,81.0641,86.4088,15.3782,312.1369,233.2964,53.2964,233.1640,53.1640
2031-08-20,0.0000,146.8143,167.3067,134.5870,133.1957,236.9658,259.1658,81.1421,86.4448,15.3623,312.1149,233.2435,53.2435,232.9779,52.9779
2031-08-21,0.0000,147.7770,179.8017,134.3817,132.7314,237.5251,259.1792,81.2186,86.4801,15.3460,312.0930,233.1905,53.1905,232.8290,52.8290
2031-08-22,0.0000,148.7400,192.4706,134.2964,132.2991,238.0887,259.1957,81.2938,86.5148,15.3292,312.0713,233.1376,53.1376,232.7256,52.7256
2031-08-23,0.0000,149.7033,205.3365,134.3363,131.9009,238.6564,259.2153,81.3675,86.5487,15.3120,312.0496,233.0846,53.0846,232.6675,52.6675
2031-08-24,0.0000,150.6670,218.4302,134.5045,131.5384,239.2281,259.2380,81.4399,86.5820,15.2944,312.0282,233.0316,53.0316,232.6458,52.6458
2031-08-25,0.0000,151.6311,231.7881,134.8030,131.2128,239.8038,259.2638,81.5109,86.6145,15.2764,312.0069,232.9787,52.9787,232.6444,52.6444
2031-08-26,0.0000,152.5954,245.4459,135.2324,130.9253,240.3834,259.2927,81.5804,86.6464,15.2580,311.9857,232.9257,52.9257,232.6437,52.6437
2031-08-27,0.0000,153.5601,259.4291,135.7917,130.6767,240.9668,259.3247,81.6485,86.6775,15.2392,311.9648,232.8728,52.8728,232.6241,52.6241
2031-08-28,0.0000,154.5252,273.7410,136.4792,130.4676,241.5538,259.3597,81.7151,86.7079,15.2200,311.9441,232.8198,52.8198,232.5700,52.5700
2031-08-29,0.0000,155.4906,288.3498,137.2917,130.2983,242.1445,259.3978,81.7803,86.7376,15.2004,311.9235,232.7669,52.7669,232.4728,52.4728
2031-08-30,0.0000,156.4563,303.1808,138.2251,130.1692,242.7387,259.4388,81.8439,86.7665,15.1804,311.9031,232.7139,52.7139,232.3323,52.3323
2031-08-31,0.0000,157.4225,318.1167,139.2746,130.0800,243.3364,259.4828,81.9060,86.7946,15.1601,311.8829,232.6610,52.6610,232.1572,52.1572
2031-09-01,0.0000,158.3890,333.0115,140.4342,130.0307,243.9375,259.5298,81.9666,86.8220,15.1394,311.8629,232.6080,52.6080,231.9627,51.9627
2031-09-02,0.0000,159.3559,347.7135,141.6974,130.0210,244.5419,259.5797,82.0257,86.8486,15.1183,311.8432,232.5551,52.5551,231.7680,51.7680
2031-09-03,0.0000,160.3234,2.0919,143.0568,130.0503,245.1496,259.6326,82.0831,86.8744,15.0968,311.8236,232.5021,52.5021,231.5922,51.5922
2031-09-04,0.0000,161.2913,16.0570,144.5047,130.1181,245.7606,259.6884,82.1391,86.8994,15.0750,311.8043,232.4492,52.4492,231.4510,51.4510
2031-09-05,0.0000,162.2597,29.5689,146.0327,130.2236,246.3748,259.7470,82.1934,86.9237,15.0529,311.7851,232.3962,52.3962,231.3530,51.3530
2031-09-06,0.0000,163.2287,42.6344,147.6323,130.3661,246.9922,259.8086,82.2462,86.9472,15.0305,311.7663,232.3433,52.3433,231.2989,51.2989
2031-09-07,0.0000,164.1982,55.2977,149.2949,130.5446,247.6127,259.8730,82.2974,86.9699,15.0077,311.7477,232.2903,52.2903,231.2811,51.2811
2031-09-08,0.0000,165.1684,67.6282,151.0119,130.7583,248.2364,259.9404,82.3469,86.9918,14.9847,311.7294,232.2373,52.2373,231.2850,51.2850
2031-09-09,0.0000,166.1390,79.7091,152.7750,131.0062,248.8632,260.0105,82.3948,87.0129,14.9614,311.7113,232.1844,52.1844,231.2929,51.2929
2031-09-10,0.0000,167.1103,91.6284,154.5761,131.2871,249.4930,260.0835,82.4411,87.0332,14.9377,311.6936,232.1314,52.1314,231.2863,51.2863
2031-09-11,0.0000,168.0821,103.4721,156.4078,131.6002,250.1258,260.1593,82.4857,87.0526,14.9138,311.6760,232.0785,52.0785,231.2505,51.2505
2031-09-12,0.0000,169.0544,115.3188,158.2632,131.9443,250.7616,260.2379,82.5286,87.0713,14.8896,311.6588,232.0255,52.0255,231.1768,51.1768
2031-09-13,0.0000,170.0274,127.2361,160.1360,132.3185,251.4003,260.3192,82.5698,87.0891,14.8651,311.6418,231.9726,51.9726,231.0644,51.0644
2031-09-14,0.0000,171.0008,139.2781,162.0205,132.7217,252.0419,260.4033,82.6093,87.1060,14.8403,311.6252,231.9196,51.9196,230.9204,50.9204
2031-09-15,0.0000,171.9749,151.4835,163.9119,133.1528,252.6864,260.4901,82.6470,87.1221,14.8153,311.6088,231.8667,51.8667,230.7579,50.7579
